#CHROM	POS	ID	REF	ALT	A1	FIRTH?	TEST	OBS_CT	OR	LOG(OR)_SE	L95	U95	Z_STAT	P	ERRCODE	CHR	rsid
1	11921993	chr1:11921993:C:A	C	A	A	N	ADD	4520	0.819669	0.0487174	0.745024	0.901793	-4.08179	4.46892e-5	.	1	rs12406383
1	17857836	chr1:17857836:G:A	G	A	A	N	ADD	4520	1.63778	0.120015	1.29449	2.07212	4.11068	3.94496e-5	.	1	rs11581813
1	41876805	chr1:41876805:C:CT	CT	C	C	N	ADD	4520	0.813688	0.043563	0.747097	0.886215	-4.73287	2.21373e-6	.	1	rs5773730
1	84172930	chr1:84172930:A:G	A	G	G	N	ADD	4520	1.26863	0.0507096	1.14861	1.4012	4.69216	2.70329e-6	.	1	rs7414950
1	84182187	chr1:84182187:G:C	G	C	C	N	ADD	4520	1.23461	0.0515886	1.11588	1.36597	4.08527	4.40247e-5	.	1	rs6678370
1	84189068	chr1:84189068:C:A	C	A	A	N	ADD	4520	1.23461	0.0515886	1.11588	1.36597	4.08527	4.40247e-5	.	1	rs56080717
1	84189710	chr1:84189710:C:T	C	T	T	N	ADD	4520	1.23368	0.0516133	1.11499	1.36501	4.0688	4.72569e-5	.	1	rs72716507
1	84189988	chr1:84189988:C:A	C	A	A	N	ADD	4520	1.23368	0.0516133	1.11499	1.36501	4.0688	4.72569e-5	.	1	rs72716508
1	84191346	chr1:84191346:G:A	G	A	A	N	ADD	4520	1.23368	0.0516133	1.11499	1.36501	4.0688	4.72569e-5	.	1	rs4596918
1	84192491	chr1:84192491:T:G	T	G	G	N	ADD	4520	1.23368	0.0516133	1.11499	1.36501	4.0688	4.72569e-5	.	1	rs12409019
1	84203044	chr1:84203044:G:T	G	T	T	N	ADD	4520	1.23368	0.0516133	1.11499	1.36501	4.0688	4.72569e-5	.	1	rs56043829
1	84204807	chr1:84204807:G:A	G	A	A	N	ADD	4520	1.23533	0.05162	1.11646	1.36685	4.09406	4.23886e-5	.	1	rs4907038
1	84205680	chr1:84205680:G:C	G	C	C	N	ADD	4520	1.23368	0.0516133	1.11499	1.36501	4.0688	4.72569e-5	.	1	rs12402664
1	84206460	chr1:84206460:G:A	G	A	A	N	ADD	4520	1.23368	0.0516133	1.11499	1.36501	4.0688	4.72569e-5	.	1	rs12403030
1	84211131	chr1:84211131:G:T	G	T	T	N	ADD	4520	1.23496	0.0516176	1.11613	1.36644	4.0885	4.3417e-5	.	1	rs33938887
1	84214121	chr1:84214121:T:C	T	C	C	N	ADD	4520	1.23496	0.0516176	1.11613	1.36644	4.0885	4.3417e-5	.	1	rs72716525
1	84218563	chr1:84218563:C:A	C	A	A	N	ADD	4520	1.23419	0.051587	1.11551	1.36551	4.07887	4.52543e-5	.	1	rs41437346
1	158416868	chr1:158416868:C:A	C	A	A	N	ADD	4520	0.492499	0.17294	0.350912	0.691213	-4.09542	4.21397e-5	.	1	rs76946905
2	10989662	chr2:10989662:C:A	A	C	C	N	ADD	4520	0.696748	0.0832397	0.591864	0.820218	-4.34085	1.4193e-5	.	2	rs2952625
2	10998409	chr2:10998409:T:G	G	T	T	N	ADD	4520	0.692887	0.0900107	0.580825	0.826571	-4.07605	4.5808e-5	.	2	rs1630614
2	16196976	chr2:16196976:G:A	G	A	A	N	ADD	4520	1.22559	0.0500468	1.11108	1.35191	4.06472	4.80904e-5	.	2	rs10166042
2	16197214	chr2:16197214:G:A	G	A	A	N	ADD	4520	1.22829	0.0500901	1.11343	1.35499	4.10503	4.04256e-5	.	2	rs56291006
2	16198454	chr2:16198454:A:G	A	G	G	N	ADD	4520	1.22908	0.0498943	1.11458	1.35534	4.13403	3.56458e-5	.	2	rs55796179
2	16199265	chr2:16199265:G:A	G	A	A	N	ADD	4520	1.22867	0.0498664	1.11426	1.35482	4.12966	3.63297e-5	.	2	rs10173113
2	16199559	chr2:16199559:T:C	T	C	C	N	ADD	4520	1.23016	0.0498713	1.11561	1.35648	4.15361	3.27268e-5	.	2	rs1365972
2	55065271	chr2:55065271:G:C	G	C	C	N	ADD	4520	1.19042	0.0428983	1.09442	1.29484	4.0632	4.84039e-5	.	2	rs10205156
2	55066310	chr2:55066310:T:C	T	C	C	N	ADD	4520	1.19578	0.042985	1.09917	1.30089	4.15962	3.1878e-5	.	2	rs10173697
2	55066617	chr2:55066617:G:C	G	C	C	N	ADD	4520	1.19456	0.0429731	1.09807	1.29954	4.13703	3.51826e-5	.	2	rs10208786
2	55067054	chr2:55067054:T:G	T	G	G	N	ADD	4520	1.19884	0.0429739	1.102	1.30418	4.22001	2.44288e-5	.	2	rs1465673
2	58709337	chr2:58709337:C:T	C	T	T	N	ADD	4520	0.377857	0.224758	0.243228	0.587005	-4.33017	1.48997e-5	.	2	rs139001025
2	62669694	chr2:62669694:C:G	C	G	G	N	ADD	4520	0.704906	0.0799446	0.602674	0.82448	-4.37417	1.21898e-5	.	2	rs72805546
2	62671743	chr2:62671743:A:G	A	G	G	N	ADD	4520	0.70668	0.0799027	0.60424	0.826487	-4.34501	1.39272e-5	.	2	rs139999290
2	62674387	chr2:62674387:C:T	C	T	T	N	ADD	4520	0.719826	0.0807088	0.614509	0.843193	-4.07324	4.63634e-5	.	2	rs72805554
2	101352742	chr2:101352742:AAC:A	AAC	A	A	N	ADD	4520	0.697889	0.0878835	0.587462	0.829074	-4.09286	4.26087e-5	.	2	rs146365374
2	217474780	chr2:217474780:C:T	T	C	C	N	ADD	4520	0.768572	0.0590817	0.684533	0.862929	-4.4552	8.38147e-6	.	2	rs6739658
3	7892268	chr3:7892268:T:G	T	G	G	N	ADD	4520	1.32915	0.0701158	1.15849	1.52496	4.05817	4.94593e-5	.	3	rs408588
3	7892300	chr3:7892300:T:G	T	G	G	N	ADD	4520	1.33059	0.0700366	1.15992	1.52637	4.07822	4.53824e-5	.	3	rs408613
3	20116043	chr3:20116043:T:C	T	C	C	N	ADD	4520	2.10526	0.182657	1.47173	3.01151	4.07561	4.58937e-5	.	3	rs113491905
3	69718556	chr3:69718556:C:T	C	T	T	N	ADD	4520	0.763111	0.0635585	0.673731	0.864349	-4.25359	2.10374e-5	.	3	rs62252967
3	69728231	chr3:69728231:C:A	A	C	C	N	ADD	4520	0.807004	0.0499263	0.731776	0.889965	-4.29486	1.74802e-5	.	3	rs6796248
3	69728419	chr3:69728419:A:G	G	A	A	N	ADD	4520	0.811121	0.0495403	0.736066	0.893829	-4.22562	2.38286e-5	.	3	rs9835804
3	69728531	chr3:69728531:C:T	T	C	C	N	ADD	4520	0.812534	0.0495464	0.73734	0.895397	-4.18997	2.78996e-5	.	3	rs4340708
3	69728583	chr3:69728583:T:C	C	T	T	N	ADD	4520	0.811858	0.0495421	0.736733	0.894644	-4.20712	2.58641e-5	.	3	rs1365846
3	69728906	chr3:69728906:G:A	A	G	G	N	ADD	4520	0.814739	0.0495019	0.739405	0.897749	-4.13897	3.48869e-5	.	3	rs9853776
3	106838756	chr3:106838756:A:G	G	A	A	N	ADD	4520	0.832173	0.0450799	0.761801	0.909046	-4.07531	4.59527e-5	.	3	rs6437726
3	106839696	chr3:106839696:C:T	T	C	C	N	ADD	4520	0.830568	0.0451	0.760301	0.907328	-4.11632	3.84973e-5	.	3	rs1919006
3	106841523	chr3:106841523:T:TA	TA	T	T	N	ADD	4520	0.83195	0.0450704	0.761611	0.908785	-4.08212	4.46264e-5	.	3	rs11391986
3	106841636	chr3:106841636:C:CA	CA	C	C	N	ADD	4520	0.826639	0.0450949	0.756712	0.903027	-4.22193	2.42217e-5	.	3	rs397767969
3	106841915	chr3:106841915:A:G	G	A	A	N	ADD	4520	0.831705	0.0451124	0.761324	0.908593	-4.08484	4.41064e-5	.	3	rs1919005
3	106842247	chr3:106842247:T:G	G	T	T	N	ADD	4520	0.832297	0.0451173	0.761858	0.909247	-4.06865	4.72863e-5	.	3	rs1919004
3	106842429	chr3:106842429:T:C	C	T	T	N	ADD	4520	0.832297	0.0451173	0.761858	0.909247	-4.06865	4.72863e-5	.	3	rs6769089
3	106843254	chr3:106843254:A:C	C	A	A	N	ADD	4520	0.806914	0.0480374	0.734408	0.886577	-4.46607	7.96693e-6	.	3	rs7629307
3	106843279	chr3:106843279:T:TTC	TTC	T	T	N	ADD	4520	0.83019	0.0451082	0.759944	0.90693	-4.12564	3.69708e-5	.	3	rs10675611
3	106843892	chr3:106843892:A:G	G	A	A	N	ADD	4520	0.806531	0.0480333	0.734066	0.88615	-4.47633	7.59373e-6	.	3	rs1528307
3	106849597	chr3:106849597:C:T	T	C	C	N	ADD	4520	0.80706	0.0480361	0.734543	0.886735	-4.46243	8.10371e-6	.	3	rs9830097
3	106849643	chr3:106849643:T:C	C	T	T	N	ADD	4520	0.832686	0.0451339	0.76219	0.909702	-4.0568	4.97495e-5	.	3	rs9850113
3	106850355	chr3:106850355:T:C	C	T	T	N	ADD	4520	0.808953	0.0480418	0.736258	0.888826	-4.41312	1.01889e-5	.	3	rs2895322
3	106850545	chr3:106850545:C:T	T	C	C	N	ADD	4520	0.80706	0.0480361	0.734543	0.886735	-4.46243	8.10371e-6	.	3	rs2399130
3	106850665	chr3:106850665:T:C	C	T	T	N	ADD	4520	0.80706	0.0480361	0.734543	0.886735	-4.46243	8.10371e-6	.	3	rs1881312
3	106851135	chr3:106851135:G:A	A	G	G	N	ADD	4520	0.809774	0.048041	0.737006	0.889726	-4.39209	1.12265e-5	.	3	rs4364160
3	106853412	chr3:106853412:T:G	G	T	T	N	ADD	4520	0.808799	0.0480383	0.736123	0.88865	-4.41741	9.98904e-6	.	3	rs9871009
3	106854752	chr3:106854752:T:AA	AA	T	T	N	ADD	4520	0.810425	0.0479698	0.737702	0.890317	-4.38186	1.17672e-5	.	3	.
3	106856316	chr3:106856316:G:A	A	G	G	N	ADD	4520	0.832735	0.0451047	0.762278	0.909704	-4.05811	4.94712e-5	.	3	rs6786298
3	106858363	chr3:106858363:A:T	T	A	A	N	ADD	4520	0.80685	0.0480427	0.734343	0.886517	-4.46722	7.92445e-6	.	3	rs1358478
3	106863355	chr3:106863355:A:G	G	A	A	N	ADD	4520	0.808749	0.0480476	0.736064	0.888612	-4.41784	9.96935e-6	.	3	rs6767609
3	106865437	chr3:106865437:G:C	C	G	G	N	ADD	4520	0.804326	0.0476146	0.73266	0.883002	-4.5732	4.80337e-6	.	3	rs7643234
3	106865715	chr3:106865715:T:G	G	T	T	N	ADD	4520	0.831472	0.0451288	0.761087	0.908367	-4.08956	4.32183e-5	.	3	rs7610955
3	106865753	chr3:106865753:C:G	G	C	C	N	ADD	4520	0.831472	0.0451288	0.761087	0.908367	-4.08956	4.32183e-5	.	3	rs7643474
3	106866866	chr3:106866866:G:C	C	G	G	N	ADD	4520	0.832666	0.045106	0.762214	0.909631	-4.05983	4.91094e-5	.	3	rs4528938
3	106866882	chr3:106866882:G:C	C	G	G	N	ADD	4520	0.832666	0.045106	0.762214	0.909631	-4.05983	4.91094e-5	.	3	rs4600813
3	106866983	chr3:106866983:C:G	G	C	C	N	ADD	4520	0.804768	0.047635	0.733033	0.883523	-4.5597	5.12264e-6	.	3	rs4408869
3	106867977	chr3:106867977:C:T	T	C	C	N	ADD	4520	0.831291	0.0451178	0.760937	0.90815	-4.0954	4.21439e-5	.	3	rs36133795
3	106868256	chr3:106868256:A:T	T	A	A	N	ADD	4520	0.806405	0.0475923	0.734586	0.885246	-4.52108	6.15242e-6	.	3	rs79141142
3	106870249	chr3:106870249:C:A	A	C	C	N	ADD	4520	0.810666	0.0480173	0.737853	0.890665	-4.37131	1.23502e-5	.	3	rs1881311
3	106870546	chr3:106870546:C:T	T	C	C	N	ADD	4520	0.8101	0.0480031	0.737358	0.890018	-4.38717	1.14833e-5	.	3	rs1528310
3	106871644	chr3:106871644:T:C	C	T	T	N	ADD	4520	0.812814	0.0479935	0.739842	0.892984	-4.31834	1.57204e-5	.	3	rs1881310
3	106872179	chr3:106872179:G:A	A	G	G	N	ADD	4520	0.813931	0.0480103	0.740834	0.89424	-4.28825	1.8009e-5	.	3	rs6437728
3	106876929	chr3:106876929:G:A	A	G	G	N	ADD	4520	0.831511	0.0451322	0.761117	0.908415	-4.08823	4.3467e-5	.	3	rs2895320
3	106877630	chr3:106877630:A:T	T	A	A	N	ADD	4520	0.813064	0.0480113	0.740044	0.89329	-4.31034	1.63006e-5	.	3	rs3938317
3	106878454	chr3:106878454:T:A	A	T	T	N	ADD	4520	0.81302	0.0480252	0.739983	0.893265	-4.31024	1.63079e-5	.	3	rs9844466
3	106879702	chr3:106879702:A:G	G	A	A	N	ADD	4520	0.810325	0.0494499	0.735474	0.892794	-4.25319	2.1075e-5	.	3	rs9867628
3	106880787	chr3:106880787:C:T	T	C	C	N	ADD	4520	0.808863	0.0480031	0.736232	0.888659	-4.419	9.91571e-6	.	3	rs2204685
3	106881884	chr3:106881884:G:A	A	G	G	N	ADD	4520	0.807286	0.0480275	0.734761	0.886969	-4.4574	8.29602e-6	.	3	rs7618613
3	106882256	chr3:106882256:A:G	G	A	A	N	ADD	4520	0.80954	0.0494142	0.734813	0.891866	-4.27588	1.90386e-5	.	3	rs1406175
3	106882775	chr3:106882775:C:G	G	C	C	N	ADD	4520	0.807253	0.0480094	0.734758	0.886902	-4.45992	8.1991e-6	.	3	rs9846321
3	106883305	chr3:106883305:C:T	T	C	C	N	ADD	4520	0.807286	0.0480275	0.734761	0.886969	-4.4574	8.29602e-6	.	3	rs1609286
3	106883587	chr3:106883587:T:C	C	T	T	N	ADD	4520	0.807253	0.0480094	0.734758	0.886902	-4.45992	8.1991e-6	.	3	rs1609285
3	106883601	chr3:106883601:T:C	C	T	T	N	ADD	4520	0.831811	0.0451761	0.761326	0.908822	-4.07627	4.57643e-5	.	3	rs1609284
3	106885726	chr3:106885726:A:G	G	A	A	N	ADD	4520	0.808996	0.0494253	0.734304	0.891287	-4.28851	1.79872e-5	.	3	rs9871416
3	106889799	chr3:106889799:G:GT	GT	G	G	N	ADD	4520	0.812607	0.0487723	0.738525	0.894119	-4.25463	2.09396e-5	.	3	rs56719827
3	106895579	chr3:106895579:A:T	T	A	A	N	ADD	4520	0.810533	0.0479654	0.737806	0.890428	-4.37948	1.18964e-5	.	3	rs1581656
3	106899104	chr3:106899104:C:T	T	C	C	N	ADD	4520	0.810533	0.0479654	0.737806	0.890428	-4.37948	1.18964e-5	.	3	rs7611083
3	106899321	chr3:106899321:C:T	T	C	C	N	ADD	4520	0.811655	0.0479803	0.738806	0.891687	-4.34928	1.36588e-5	.	3	rs4337636
3	106899428	chr3:106899428:A:G	G	A	A	N	ADD	4520	0.810498	0.0494302	0.73566	0.89295	-4.25056	2.13236e-5	.	3	rs4315683
3	106906227	chr3:106906227:G:A	A	G	G	N	ADD	4520	0.804086	0.047447	0.73268200000000006	0.882449	-4.59564	4.3143e-6	.	3	rs1609283
3	106909940	chr3:106909940:T:C	C	T	T	N	ADD	4520	0.808794	0.0474078	0.737029	0.887548	-4.47628	7.59543e-6	.	3	rs1547589
3	106913496	chr3:106913496:TA:T	T	TA	TA	N	ADD	4520	0.811227	0.0487002	0.737375	0.892475	-4.29582	1.74045e-5	.	3	rs35602464
3	106915353	chr3:106915353:AAAAG:A	A	AAAAG	AAAAG	N	ADD	4520	0.813011	0.0485583	0.739203	0.894189	-4.26313	2.01579e-5	.	3	rs144393102
3	106916717	chr3:106916717:T:TGGGGGGGG	TGGGGGGGG	T	T	N	ADD	4520	0.807105	0.0488629	0.733395	0.888224	-4.38577	1.15577e-5	.	3	rs35307765
3	106918282	chr3:106918282:A:AAAT	AAAT	A	A	N	ADD	4520	0.811108	0.0489333	0.736931	0.892752	-4.27834	1.88289e-5	.	3	rs34244972
3	106920635	chr3:106920635:T:A	A	T	T	N	ADD	4520	0.811468	0.0488203	0.737421	0.89295	-4.27917	1.87588e-5	.	3	rs2037819
3	107987349	chr3:107987349:C:T	C	T	T	N	ADD	4520	0.69841	0.088453	0.587244	0.830618	-4.05808	4.94777e-5	.	3	rs75965832
3	134759100	chr3:134759100:A:T	A	T	T	N	ADD	4520	0.716986	0.079048	0.61408	0.837137	-4.20882	2.56705e-5	.	3	rs6770516
3	134763517	chr3:134763517:G:A	G	A	A	N	ADD	4520	0.715875	0.0778548	0.614564	0.833887	-4.29325	1.76077e-5	.	3	rs6793611
3	134763766	chr3:134763766:C:T	C	T	T	N	ADD	4520	0.715875	0.0778548	0.614564	0.833887	-4.29325	1.76077e-5	.	3	rs6793764
3	170531487	chr3:170531487:C:T	C	T	T	N	ADD	4520	0.446347	0.19463	0.304792	0.653646	-4.14457	3.40458e-5	.	3	rs138266610
3	174989355	chr3:174989355:T:C	C	T	T	N	ADD	4520	1.28921	0.0600438	1.14608	1.45022	4.23079	2.32872e-5	.	3	rs1979331
4	5824689	chr4:5824689:C:A	C	A	A	N	ADD	4520	0.44839	0.18964	0.309196	0.650246	-4.22955	2.3416e-5	.	4	rs115067921
4	97546249	chr4:97546249:C:T	C	T	T	N	ADD	4520	0.828647	0.0456187	0.757772	0.90615	-4.12027	3.78423e-5	.	4	rs9307181
4	97550691	chr4:97550691:T:C	T	C	C	N	ADD	4520	0.827192	0.045569900000000003	0.756515	0.904473	-4.16323	3.13778e-5	.	4	rs13150867
4	97551090	chr4:97551090:G:T	G	T	T	N	ADD	4520	0.829888	0.045532	0.759036	0.907353	-4.09524	4.21723e-5	.	4	rs4699528
4	97553706	chr4:97553706:C:T	C	T	T	N	ADD	4520	0.828647	0.0456187	0.757772	0.90615	-4.12027	3.78423e-5	.	4	rs28831236
4	97553808	chr4:97553808:G:A	G	A	A	N	ADD	4520	0.82979	0.0456126	0.758827	0.907389	-4.0906	4.3026e-5	.	4	rs28542463
4	97559671	chr4:97559671:C:A	C	A	A	N	ADD	4520	0.828689	0.0455852	0.757861	0.906137	-4.12217	3.75313e-5	.	4	rs10011978
4	97564338	chr4:97564338:A:C	A	C	C	N	ADD	4520	0.819485	0.0448205	0.750567	0.894731	-4.4417	8.92505e-6	.	4	rs10004936
4	97567606	chr4:97567606:T:C	T	C	C	N	ADD	4520	0.826028	0.0447036	0.756733	0.901667	-4.27543	1.90771e-5	.	4	rs11736743
4	97567818	chr4:97567818:T:G	T	G	G	N	ADD	4520	0.820592	0.044784	0.751635	0.895875	-4.41517	1.00931e-5	.	4	rs4403121
4	97567998	chr4:97567998:A:C	A	C	C	N	ADD	4520	0.82742	0.0446101	0.758147	0.903022	-4.24664	2.17001e-5	.	4	rs6855625
4	97568242	chr4:97568242:C:A	C	A	A	N	ADD	4520	0.830868	0.0454807	0.760009	0.908333	-4.07392	4.62281e-5	.	4	rs6856278
4	97568934	chr4:97568934:G:A	G	A	A	N	ADD	4520	0.830868	0.0454807	0.760009	0.908333	-4.07392	4.62281e-5	.	4	rs4699531
4	97569021	chr4:97569021:T:C	T	C	C	N	ADD	4520	0.828613	0.0445951	0.759263	0.904297	-4.21576	2.48942e-5	.	4	rs4699532
4	97569331	chr4:97569331:G:GA	G	GA	GA	N	ADD	4520	0.82359	0.0448311	0.754312	0.899232	-4.32918	1.49664e-5	.	4	rs397810648
4	97569623	chr4:97569623:A:G	A	G	G	N	ADD	4520	0.82317	0.0447353	0.754068	0.898604	-4.34987	1.3622e-5	.	4	rs28439210
4	97570279	chr4:97570279:C:T	C	T	T	N	ADD	4520	0.820146	0.0448252	0.751166	0.89546	-4.42325	9.72256e-6	.	4	rs4296683
4	97570607	chr4:97570607:C:T	C	T	T	N	ADD	4520	0.820592	0.044784	0.751635	0.895875	-4.41517	1.00931e-5	.	4	rs11735922
4	97571587	chr4:97571587:G:T	G	T	T	N	ADD	4520	0.820592	0.044784	0.751635	0.895875	-4.41517	1.00931e-5	.	4	rs6834084
4	97571789	chr4:97571789:A:T	A	T	T	N	ADD	4520	0.820592	0.044784	0.751635	0.895875	-4.41517	1.00931e-5	.	4	rs6833987
4	97571830	chr4:97571830:C:T	C	T	T	N	ADD	4520	0.820592	0.044784	0.751635	0.895875	-4.41517	1.00931e-5	.	4	rs6834324
4	97572621	chr4:97572621:G:A	G	A	A	N	ADD	4520	0.820592	0.044784	0.751635	0.895875	-4.41517	1.00931e-5	.	4	rs11721797
4	97574293	chr4:97574293:T:A	T	A	A	N	ADD	4520	0.820592	0.044784	0.751635	0.895875	-4.41517	1.00931e-5	.	4	rs11727437
4	97574703	chr4:97574703:C:A	C	A	A	N	ADD	4520	0.821484	0.0448113	0.752412	0.89689700000000006	-4.38825	1.14266e-5	.	4	rs4280736
4	97574732	chr4:97574732:A:AC	A	AC	AC	N	ADD	4520	0.819646	0.0447433	0.750828	0.894771	-4.44499	8.78978e-6	.	4	rs113130511
4	97575630	chr4:97575630:G:A	G	A	A	N	ADD	4520	0.820831	0.044826	0.751792	0.89621	-4.40454	1.06009e-5	.	4	rs28695189
4	97575919	chr4:97575919:C:T	C	T	T	N	ADD	4520	0.819894	0.0448431	0.750909	0.895217	-4.42833	9.49668e-6	.	4	rs28544332
4	97580006	chr4:97580006:A:G	A	G	G	N	ADD	4520	0.819284	0.0448627	0.750321	0.894585	-4.44299	8.87185e-6	.	4	rs11732038
4	97586839	chr4:97586839:A:G	A	G	G	N	ADD	4520	0.831643	0.0452148	0.761114	0.908707	-4.07725	4.55711e-5	.	4	rs4502759
4	97592753	chr4:97592753:C:T	C	T	T	N	ADD	4520	0.814802	0.0453968	0.745436	0.890623	-4.51156	6.4354e-6	.	4	rs28445269
4	97592957	chr4:97592957:C:T	C	T	T	N	ADD	4520	0.814802	0.0453968	0.745436	0.890623	-4.51156	6.4354e-6	.	4	rs4295339
4	97594012	chr4:97594012:A:G	A	G	G	N	ADD	4520	0.815819	0.0453893	0.746377	0.891721	-4.48482	7.29746e-6	.	4	rs4232866
4	97594494	chr4:97594494:T:A	T	A	A	N	ADD	4520	0.816742	0.0453439	0.747288	0.892651	-4.46438	8.03002e-6	.	4	rs4699534
4	97595462	chr4:97595462:T:C	T	C	C	N	ADD	4520	0.823349	0.0455725	0.752996	0.900275	-4.26519	1.99733e-5	.	4	rs28714297
4	97596858	chr4:97596858:T:C	T	C	C	N	ADD	4520	0.822343	0.0455786	0.752067	0.899186	-4.29143	1.77522e-5	.	4	rs13139172
4	97596900	chr4:97596900:A:G	A	G	G	N	ADD	4520	0.822343	0.0455786	0.752067	0.899186	-4.29143	1.77522e-5	.	4	rs28689525
4	97597593	chr4:97597593:G:A	G	A	A	N	ADD	4520	0.823124	0.0455582	0.752811	0.900004	-4.27252	1.93277e-5	.	4	rs13118832
4	97598741	chr4:97598741:CAG:C	CAG	C	C	N	ADD	4520	0.821468	0.0455757	0.751271	0.898224	-4.31507	1.59553e-5	.	4	rs35440388
4	97601928	chr4:97601928:TG:T	TG	T	T	N	ADD	4520	0.822434	0.0455548	0.752186	0.899244	-4.29124	1.7768e-5	.	4	rs78099442
4	97602893	chr4:97602893:A:G	A	G	G	N	ADD	4520	0.823124	0.0455582	0.752811	0.900004	-4.27252	1.93277e-5	.	4	rs2204920
4	97609417	chr4:97609417:C:G	C	G	G	N	ADD	4520	0.822514	0.0455621	0.752248	0.899344	-4.28843	1.79941e-5	.	4	rs35638723
4	97618464	chr4:97618464:G:A	G	A	A	N	ADD	4520	0.82348	0.0455412	0.753162	0.900363	-4.26462	2.00242e-5	.	4	rs9992810
4	97621871	chr4:97621871:A:G	A	G	G	N	ADD	4520	0.824976	0.0455487	0.754519	0.902013	-4.22407	2.39933e-5	.	4	rs10024940
4	97622707	chr4:97622707:A:T	A	T	T	N	ADD	4520	0.824255	0.0455443	0.753866	0.901216	-4.24369	2.19872e-5	.	4	rs1125505
4	97627196	chr4:97627196:G:A	G	A	A	N	ADD	4520	0.824966	0.0455479	0.754511	0.902	-4.22441	2.39565e-5	.	4	rs10002123
4	97630025	chr4:97630025:C:T	C	T	T	N	ADD	4520	0.826858	0.0455751	0.756201	0.904117	-4.17163	3.02425e-5	.	4	rs10011403
4	97641848	chr4:97641848:CT:C	CT	C	C	N	ADD	4520	0.826442	0.0456073	0.755773	0.903719	-4.17972	2.91865e-5	.	4	rs35220729
4	97642777	chr4:97642777:G:A	G	A	A	N	ADD	4520	0.828157	0.0455975	0.757356	0.905577	-4.13515	3.54722e-5	.	4	rs9990757
4	97644876	chr4:97644876:T:C	T	C	C	N	ADD	4520	0.828157	0.0455975	0.757356	0.905577	-4.13515	3.54722e-5	.	4	rs10009024
4	97645343	chr4:97645343:G:A	G	A	A	N	ADD	4520	0.828157	0.0455975	0.757356	0.905577	-4.13515	3.54722e-5	.	4	rs28702967
4	97646910	chr4:97646910:C:T	C	T	T	N	ADD	4520	0.828157	0.0455975	0.757356	0.905577	-4.13515	3.54722e-5	.	4	rs11736467
4	97650186	chr4:97650186:C:T	C	T	T	N	ADD	4520	0.827343	0.0456402	0.756548	0.904762	-4.15284	3.28381e-5	.	4	rs9996450
4	140684344	chr4:140684344:T:C	T	C	C	N	ADD	4520	1.53714	0.10521	1.25071	1.88915	4.08634	4.38229e-5	.	4	rs6820628
4	140684346	chr4:140684346:C:G	G	C	C	N	ADD	4520	1.40772	0.0840727	1.19386	1.65989	4.06759	4.75011e-5	.	4	rs4863511
4	140688762	chr4:140688762:G:A	G	A	A	N	ADD	4520	1.63894	0.112539	1.31453	2.04342	4.39005	1.13327e-5	.	4	rs115437391
4	165814359	chr4:165814359:A:G	A	G	G	N	ADD	4520	0.827205	0.0467743	0.754743	0.906625	-4.05569	4.99857e-5	.	4	rs7691785
5	32455790	chr5:32455790:C:T	C	T	T	N	ADD	4520	0.584676	0.124439	0.458134	0.746171	-4.31292	1.61112e-5	.	5	rs623435
5	32462868	chr5:32462868:C:T	C	T	T	N	ADD	4520	0.59514	0.124307	0.466454	0.759328	-4.17481	2.9823e-5	.	5	rs635790
5	54916593	chr5:54916593:C:T	C	T	T	N	ADD	4520	0.616833	0.116416	0.490991	0.774927	-4.15026	3.32099e-5	.	5	rs147454841
5	58061575	chr5:58061575:T:C	T	C	C	N	ADD	4520	1.24306	0.0523385	1.12187	1.37735	4.15714	3.22254e-5	.	5	rs292961
5	58061888	chr5:58061888:G:A	G	A	A	N	ADD	4520	1.24905	0.0523078	1.12734	1.3839	4.25145	2.12395e-5	.	5	rs292960
5	58062974	chr5:58062974:C:T	T	C	C	N	ADD	4520	1.23821	0.0518014	1.11867	1.37053	4.12476	3.71118e-5	.	5	rs1363335
5	58063494	chr5:58063494:G:T	T	G	G	N	ADD	4520	1.239	0.0512749	1.12054	1.36999	4.17953	2.92116e-5	.	5	rs1422228
5	58068428	chr5:58068428:G:A	A	G	G	N	ADD	4520	1.2372	0.0511306	1.11923	1.36761	4.16292	3.14199e-5	.	5	rs6450491
5	58069850	chr5:58069850:T:A	A	T	T	N	ADD	4520	1.2372	0.0511306	1.11923	1.36761	4.16292	3.14199e-5	.	5	rs4700306
5	58073342	chr5:58073342:C:T	T	C	C	N	ADD	4520	1.24222	0.0514405	1.12308	1.37399	4.21653	2.48086e-5	.	5	rs1345639
5	58073941	chr5:58073941:A:G	G	A	A	N	ADD	4520	1.24222	0.0514405	1.12308	1.37399	4.21653	2.48086e-5	.	5	rs10805508
5	58076467	chr5:58076467:A:C	C	A	A	N	ADD	4520	1.24464	0.0512829	1.12562	1.37625	4.26751	1.97669e-5	.	5	rs1010757
5	58076731	chr5:58076731:C:A	A	C	C	N	ADD	4520	1.24324	0.051278	1.12436	1.37468	4.24587	2.17748e-5	.	5	rs1010758
5	58077479	chr5:58077479:G:A	A	G	G	N	ADD	4520	1.24684	0.0512925	1.12759	1.37871	4.30109	1.69958e-5	.	5	rs410746
5	58078152	chr5:58078152:A:G	G	A	A	N	ADD	4520	1.2408	0.0514361	1.12181	1.37241	4.1946	2.73358e-5	.	5	rs387958
5	58078606	chr5:58078606:T:C	C	T	T	N	ADD	4520	1.24826	0.0512973	1.12886	1.38029	4.32284	1.54031e-5	.	5	rs374427
5	58078726	chr5:58078726:A:G	G	A	A	N	ADD	4520	1.24826	0.0512973	1.12886	1.38029	4.32284	1.54031e-5	.	5	rs389859
5	58078736	chr5:58078736:C:T	T	C	C	N	ADD	4520	1.24826	0.0512973	1.12886	1.38029	4.32284	1.54031e-5	.	5	rs453741
5	58078911	chr5:58078911:A:G	G	A	A	N	ADD	4520	1.24826	0.0512973	1.12886	1.38029	4.32284	1.54031e-5	.	5	rs389200
5	58079262	chr5:58079262:A:C	C	A	A	N	ADD	4520	1.24826	0.0512973	1.12886	1.38029	4.32284	1.54031e-5	.	5	rs452180
5	58079406	chr5:58079406:T:A	A	T	T	N	ADD	4520	1.24675	0.0513916	1.12729	1.37887	4.29137	1.77573e-5	.	5	rs2409609
5	58079407	chr5:58079407:T:A	A	T	T	N	ADD	4520	1.24675	0.0513916	1.12729	1.37887	4.29137	1.77573e-5	.	5	rs2409610
5	58079408	chr5:58079408:T:A	A	T	T	N	ADD	4520	1.24675	0.0513916	1.12729	1.37887	4.29137	1.77573e-5	.	5	rs2409611
5	58079410	chr5:58079410:C:T	T	C	C	N	ADD	4520	1.24675	0.0513916	1.12729	1.37887	4.29137	1.77573e-5	.	5	rs2409612
5	58079643	chr5:58079643:A:G	G	A	A	N	ADD	4520	1.24826	0.0512973	1.12886	1.38029	4.32284	1.54031e-5	.	5	rs378776
5	58079728	chr5:58079728:C:A	A	C	C	N	ADD	4520	1.24826	0.0512973	1.12886	1.38029	4.32284	1.54031e-5	.	5	rs442899
5	58079779	chr5:58079779:G:T	T	G	G	N	ADD	4520	1.24826	0.0512973	1.12886	1.38029	4.32284	1.54031e-5	.	5	rs442547
5	58079816	chr5:58079816:G:A	A	G	G	N	ADD	4520	1.24826	0.0512973	1.12886	1.38029	4.32284	1.54031e-5	.	5	rs442534
5	58080416	chr5:58080416:T:G	G	T	T	N	ADD	4520	1.24684	0.0512925	1.12759	1.37871	4.30109	1.69958e-5	.	5	rs399056
5	58080446	chr5:58080446:AT:A	A	AT	AT	N	ADD	4520	1.24464	0.0512829	1.12562	1.37625	4.26751	1.97669e-5	.	5	rs36099568
5	58080668	chr5:58080668:A:C	C	A	A	N	ADD	4520	1.24684	0.0512925	1.12759	1.37871	4.30109	1.69958e-5	.	5	rs441311
5	58080684	chr5:58080684:G:A	A	G	G	N	ADD	4520	1.24684	0.0512925	1.12759	1.37871	4.30109	1.69958e-5	.	5	rs437730
5	58081030	chr5:58081030:C:T	T	C	C	N	ADD	4520	1.24532	0.0512879	1.12622	1.37701	4.27762	1.88901e-5	.	5	rs446155
5	58081164	chr5:58081164:A:G	G	A	A	N	ADD	4520	1.24684	0.0512925	1.12759	1.37871	4.30109	1.69958e-5	.	5	rs413683
5	58081279	chr5:58081279:C:T	T	C	C	N	ADD	4520	1.24568	0.051287	1.12655	1.3774	4.28332	1.84122e-5	.	5	rs448913
5	58081392	chr5:58081392:T:A	A	T	T	N	ADD	4520	1.24568	0.051287	1.12655	1.3774	4.28332	1.84122e-5	.	5	rs436555
5	58081489	chr5:58081489:A:C	C	A	A	N	ADD	4520	1.24568	0.051287	1.12655	1.3774	4.28332	1.84122e-5	.	5	rs384705
5	75960097	chr5:75960097:G:A	G	A	A	N	ADD	4520	0.761911	0.0666581	0.668597	0.868248	-4.07941	4.51497e-5	.	5	rs6873558
5	115446492	chr5:115446492:A:G	A	G	G	N	ADD	4520	1.56404	0.10463	1.27405	1.92003	4.27479	1.91317e-5	.	5	rs79034544
5	115535263	chr5:115535263:G:T	G	T	T	N	ADD	4520	1.60683	0.112489	1.2889	2.00319	4.2161	2.48565e-5	.	5	rs114842260
5	115544817	chr5:115544817:CT:C	CT	C	C	N	ADD	4520	1.6032	0.111326	1.28892	1.99411	4.23982	2.23696e-5	.	5	rs556811506
5	115546017	chr5:115546017:T:TTA	T	TTA	TTA	N	ADD	4520	1.55852	0.106043	1.26605	1.91857	4.18453	2.85754e-5	.	5	rs751112929
5	115635053	chr5:115635053:G:C	C	G	G	N	ADD	4520	1.53652	0.0991299	1.2652	1.86602	4.33289	1.47161e-5	.	5	rs153579
5	128863032	chr5:128863032:C:T	C	T	T	N	ADD	4520	0.723503	0.0797238	0.618841	0.845865	-4.05965	4.91463e-5	.	5	rs17701178
5	143631127	chr5:143631127:C:A	C	A	A	N	ADD	4520	1.45434	0.0846019	1.23212	1.71664	4.42724	9.5447e-6	.	5	rs116735059
5	168498830	chr5:168498830:G:A	G	A	A	N	ADD	4520	1.45578	0.0871668	1.22716	1.727	4.30834	1.64485e-5	.	5	rs76991733
5	168513184	chr5:168513184:G:T	G	T	T	N	ADD	4520	1.48432	0.0806466	1.2673	1.7385	4.89738	9.71246e-7	.	5	rs296009
5	172193677	chr5:172193677:C:T	C	T	T	N	ADD	4520	1.60059	0.112722	1.28331	1.99632	4.17286	3.00801e-5	.	5	rs881811
5	172197581	chr5:172197581:G:C	G	C	C	N	ADD	4520	1.66934	0.114226	1.3345	2.08821	4.48613	7.25275e-6	.	5	rs34507926
6	58356763	chr6:58356763:A:G	A	G	G	N	ADD	4520	0.481281	0.178833	0.338982	0.683316	-4.08932	4.32645e-5	.	6	rs142763365
7	155704404	chr7:155704404:T:C	T	C	C	N	ADD	4520	1.42666	0.0868644	1.20332	1.69145	4.0907	4.30064e-5	.	7	rs62481740
7	155716763	chr7:155716763:T:A	T	A	A	N	ADD	4520	1.44049	0.0832635	1.22359	1.69583	4.38345	1.16816e-5	.	7	rs7801483
7	155720802	chr7:155720802:C:T	T	C	C	N	ADD	4520	1.42215	0.0838771	1.20656	1.67626	4.19867	2.68488e-5	.	7	rs10949785
7	155720916	chr7:155720916:T:C	C	T	T	N	ADD	4520	1.42215	0.0838771	1.20656	1.67626	4.19867	2.68488e-5	.	7	rs11769512
7	155720951	chr7:155720951:T:C	C	T	T	N	ADD	4520	1.42215	0.0838771	1.20656	1.67626	4.19867	2.68488e-5	.	7	rs10949786
7	155720971	chr7:155720971:T:C	C	T	T	N	ADD	4520	1.42215	0.0838771	1.20656	1.67626	4.19867	2.68488e-5	.	7	rs10949787
7	155721066	chr7:155721066:C:T	T	C	C	N	ADD	4520	1.42215	0.0838771	1.20656	1.67626	4.19867	2.68488e-5	.	7	rs10949788
7	155721345	chr7:155721345:T:C	C	T	T	N	ADD	4520	1.42215	0.0838771	1.20656	1.67626	4.19867	2.68488e-5	.	7	rs10264451
7	155721470	chr7:155721470:G:C	C	G	G	N	ADD	4520	1.42215	0.0838771	1.20656	1.67626	4.19867	2.68488e-5	.	7	rs11764861
7	155721545	chr7:155721545:T:A	A	T	T	N	ADD	4520	1.42215	0.0838771	1.20656	1.67626	4.19867	2.68488e-5	.	7	rs7790529
7	155721586	chr7:155721586:G:A	G	A	A	N	ADD	4520	1.41783	0.0838965	1.20285	1.67123	4.16141	3.16282e-5	.	7	rs28733071
7	155722389	chr7:155722389:G:A	A	G	G	N	ADD	4520	1.42215	0.0838771	1.20656	1.67626	4.19867	2.68488e-5	.	7	rs2363906
7	155722662	chr7:155722662:T:C	C	T	T	N	ADD	4520	1.42209	0.0837315	1.20685	1.67571	4.2054	2.60618e-5	.	7	rs2885940
7	155722681	chr7:155722681:T:G	G	T	T	N	ADD	4520	1.41514	0.0837721	1.20086	1.66766	4.14494	3.39902e-5	.	7	rs2363908
7	155722693	chr7:155722693:C:T	T	C	C	N	ADD	4520	1.41514	0.0837721	1.20086	1.66766	4.14494	3.39902e-5	.	7	rs879763
7	155726249	chr7:155726249:G:T	G	T	T	N	ADD	4520	1.43289	0.0869069	1.20847	1.69897	4.1388	3.4913e-5	.	7	rs61540520
7	155726468	chr7:155726468:A:T	A	T	T	N	ADD	4520	1.42953	0.0867649	1.20598	1.69453	4.1185600000000004	3.8124e-5	.	7	rs78586460
7	155729525	chr7:155729525:G:A	G	A	A	N	ADD	4520	1.43633	0.0870565	1.21102	1.70356	4.15927	3.19262e-5	.	7	rs62480365
7	155731690	chr7:155731690:G:T	G	T	T	N	ADD	4520	1.42852	0.087106	1.20432	1.69446	4.09432	4.23403e-5	.	7	rs116421488
7	155731691	chr7:155731691:A:T	A	T	T	N	ADD	4520	1.42852	0.087106	1.20432	1.69446	4.09432	4.23403e-5	.	7	rs76684909
8	11643803	chr8:11643803:C:T	C	T	T	N	ADD	4520	1.23543	0.051982	1.11576	1.36793	4.06712	4.75973e-5	.	8	rs1534862
8	56498690	chr8:56498690:CT:C	C	CT	CT	N	ADD	4520	0.822141	0.0476839	0.748786	0.902682	-4.10713	4.00605e-5	.	8	rs11327794
8	56509383	chr8:56509383:C:T	T	C	C	N	ADD	4520	0.824554	0.0473857	0.751422	0.904802	-4.07113	4.67863e-5	.	8	rs4738298
8	56892092	chr8:56892092:G:A	G	A	A	N	ADD	4520	0.534217	0.150251	0.397945	0.717153	-4.1727	3.01013e-5	.	8	rs117025250
8	56933445	chr8:56933445:G:C	G	C	C	N	ADD	4520	0.543408	0.14972	0.405214	0.728732	-4.07357	4.62972e-5	.	8	rs145435560
8	75364277	chr8:75364277:C:T	C	T	T	N	ADD	4520	0.659652	0.0992545	0.543037	0.801309	-4.19169	2.7689e-5	.	8	rs149089751
8	91934714	chr8:91934714:A:ATTTTTT	ATTTTTT	A	A	N	ADD	4520	0.815576	0.043588	0.748794	0.888314	-4.67699	2.91118e-6	.	8	rs577951495
8	98921160	chr8:98921160:C:T	C	T	T	N	ADD	4520	0.446998	0.181734	0.31305	0.638261	-4.43065	9.39516e-6	.	8	rs144803951
8	99045746	chr8:99045746:CT:C	CT	C	C	N	ADD	4520	0.49946	0.165405	0.361166	0.690707	-4.19713	2.70322e-5	.	8	rs200636651
8	137167768	chr8:137167768:C:T	C	T	T	N	ADD	4520	1.96076	0.165962	1.41631	2.71451	4.05714	4.96768e-5	.	8	rs62526615
8	137268545	chr8:137268545:G:GAGAAAGCAGGACTGTGCAGAGGA	G	GAGAAAGCAGGACTGTGCAGAGGA	GAGAAAGCAGGACTGTGCAGAGGA	N	ADD	4520	1.81403	0.137867	1.38449	2.37682	4.31974	1.56216e-5	.	8	rs532369483
8	137283400	chr8:137283400:G:A	G	A	A	N	ADD	4520	1.83934	0.137068	1.40601	2.40622	4.44602	8.74772e-6	.	8	rs62528665
9	21586712	chr9:21586712:A:G	A	G	G	N	ADD	4520	0.458032	0.192309	0.314197	0.667713	-4.06022	4.90274e-5	.	9	rs73652424
9	93520130	chr9:93520130:A:G	A	G	G	N	ADD	4520	1.32465	0.0683509	1.15856	1.51454	4.11328	3.90069e-5	.	9	rs10993671
9	107093897	chr9:107093897:C:G	C	G	G	N	ADD	4520	0.511928	0.162364	0.372396	0.703742	-4.12389	3.72523e-5	.	9	rs192659111
9	109675905	chr9:109675905:A:G	A	G	G	N	ADD	4520	0.736288	0.0729071	0.638247	0.849388	-4.19896	2.68146e-5	.	9	rs10978671
10	322274	chr10:322274:C:A	C	A	A	N	ADD	4520	0.509728	0.164457	0.369277	0.703597	-4.0976	4.1745e-5	.	10	rs7916867
10	3179968	chr10:3179968:G:C	G	C	C	N	ADD	4520	1.30442	0.0653749	1.14755	1.48274	4.06514	4.80043e-5	.	10	rs9129
10	3180175	chr10:3180175:C:T	C	T	T	N	ADD	4520	1.30908	0.0653659	1.15166	1.48801	4.12023	3.78493e-5	.	10	rs12678
10	3180729	chr10:3180729:T:C	T	C	C	N	ADD	4520	1.30908	0.0653659	1.15166	1.48801	4.12023	3.78493e-5	.	10	rs7908746
10	3180804	chr10:3180804:A:T	A	T	T	N	ADD	4520	1.30908	0.0653659	1.15166	1.48801	4.12023	3.78493e-5	.	10	rs7904857
10	3184735	chr10:3184735:C:T	C	T	T	N	ADD	4520	1.29484	0.0597808	1.15168	1.4558	4.32222	1.54466e-5	.	10	rs7924163
10	3186701	chr10:3186701:A:AAAAAT	A	AAAAAT	AAAAAT	N	ADD	4520	1.32086	0.0622641	1.16911	1.4923	4.46937	7.84488e-6	.	10	rs61175822
10	3187051	chr10:3187051:A:T	A	T	T	N	ADD	4520	1.28442	0.0589455	1.14428	1.44173	4.24645	2.17184e-5	.	10	rs11812157
10	3188148	chr10:3188148:T:A	T	A	A	N	ADD	4520	1.28531	0.0587775	1.14545	1.44225	4.2704	1.95125e-5	.	10	rs17136264
10	3189032	chr10:3189032:C:G	C	G	G	N	ADD	4520	1.28531	0.0587775	1.14545	1.44225	4.2704	1.95125e-5	.	10	rs3740609
10	3189115	chr10:3189115:T:C	T	C	C	N	ADD	4520	1.28531	0.0587775	1.14545	1.44225	4.2704	1.95125e-5	.	10	rs7924157
10	3190013	chr10:3190013:G:C	G	C	C	N	ADD	4520	1.28376	0.0587798	1.14406	1.44051	4.24961	2.14147e-5	.	10	rs10508248
10	3190166	chr10:3190166:C:A	C	A	A	N	ADD	4520	1.28376	0.0587798	1.14406	1.44051	4.24961	2.14147e-5	.	10	rs59486411
10	3191823	chr10:3191823:C:T	C	T	T	N	ADD	4520	1.28604	0.0594124	1.14468	1.44487	4.23432	2.29242e-5	.	10	rs2388556
10	3192746	chr10:3192746:C:A	C	A	A	N	ADD	4520	1.29018	0.0595114	1.14814	1.44979	4.28122	1.85871e-5	.	10	rs7071887
10	3193292	chr10:3193292:C:G	C	G	G	N	ADD	4520	1.2863	0.0598063	1.14402	1.44627	4.20973	2.55675e-5	.	10	rs17287235
10	3196342	chr10:3196342:G:A	G	A	A	N	ADD	4520	1.28291	0.0591073	1.14258	1.44049	4.21494	2.49845e-5	.	10	rs57504314
10	3196749	chr10:3196749:A:G	A	G	G	N	ADD	4520	1.28291	0.0591073	1.14258	1.44049	4.21494	2.49845e-5	.	10	rs7072341
10	3197601	chr10:3197601:T:A	T	A	A	N	ADD	4520	1.28882	0.0592449	1.14753	1.44751	4.28271	1.84634e-5	.	10	rs3765100
10	3198884	chr10:3198884:CACAA:C	CACAA	C	C	N	ADD	4520	1.31844	0.0625004	1.16643	1.49026	4.42316	9.72673e-6	.	10	rs142121511
10	3200860	chr10:3200860:G:C	G	C	C	N	ADD	4520	1.29305	0.0599252	1.14976	1.4542	4.28877	1.79662e-5	.	10	rs58337104
10	24722205	chr10:24722205:T:C	T	C	C	N	ADD	4520	1.2875	0.0600477	1.14455	1.44831	4.20842	2.57158e-5	.	10	rs2274830
10	50212395	chr10:50212395:T:C	C	T	T	N	ADD	4520	0.834597	0.0436819	0.766116	0.909199	-4.13917	3.48572e-5	.	10	rs4838439
10	91926627	chr10:91926627:T:A	T	A	A	N	ADD	4520	1.5607	0.106368	1.267	1.92247	4.18484	2.85363e-5	.	10	rs35041694
10	119262571	chr10:119262571:T:C	T	C	C	N	ADD	4520	1.72139	0.1284	1.3384	2.21398	4.23002	2.3367e-5	.	10	rs74510012
11	2926552	chr11:2926552:G:A	A	G	G	N	ADD	4520	1.19647	0.0438572	1.09792	1.30386	4.08995	4.31458e-5	.	11	rs120739
11	2927951	chr11:2927951:G:T	T	G	G	N	ADD	4520	1.19425	0.0437636	1.09608	1.30121	4.05626	4.98656e-5	.	11	rs434241
11	80101742	chr11:80101742:G:A	G	A	A	N	ADD	4520	0.646052	0.10494	0.525947	0.793583	-4.1631	3.1396e-5	.	11	rs117639907
11	80123785	chr11:80123785:T:C	T	C	C	N	ADD	4520	0.77445	0.058411	0.690675	0.868386	-4.37593	1.20915e-5	.	11	rs7107908
11	80124110	chr11:80124110:T:G	T	G	G	N	ADD	4520	0.766808	0.06298	0.677763	0.867552	-4.21592	2.48763e-5	.	11	rs72935300
11	80124522	chr11:80124522:A:G	A	G	G	N	ADD	4520	0.768285	0.0629902	0.679055	0.869241	-4.18468	2.8557e-5	.	11	rs72935301
11	119782250	chr11:119782250:A:G	A	G	G	N	ADD	4520	0.834101	0.0440592	0.765095	0.90933	-4.11721	3.83478e-5	.	11	rs540103
11	119782275	chr11:119782275:TA:T	TA	T	T	N	ADD	4520	0.831504	0.0442407	0.762442	0.906822	-4.1708	3.03535e-5	.	11	rs34749076
11	119782588	chr11:119782588:A:G	A	G	G	N	ADD	4520	0.835936	0.0441289	0.766674	0.911456	-4.0609	4.88846e-5	.	11	rs536613
12	4562320	chr12:4562320:C:T	C	T	T	N	ADD	4520	1.4323	0.0864951	1.20895	1.69691	4.15376	3.2705e-5	.	12	rs11063158
12	4562881	chr12:4562881:G:A	G	A	A	N	ADD	4520	1.42914	0.0865432	1.20617	1.69332	4.12593	3.69246e-5	.	12	rs10774234
12	4579519	chr12:4579519:G:C	G	C	C	N	ADD	4520	1.49017	0.0967395	1.23279	1.80127	4.12331	3.73464e-5	.	12	rs12229619
12	27103449	chr12:27103449:G:A	G	A	A	N	ADD	4520	1.32782	0.068233	1.16161	1.51782	4.15545	3.24644e-5	.	12	rs146970669
12	27103588	chr12:27103588:A:G	A	G	G	N	ADD	4520	1.32782	0.068233	1.16161	1.51782	4.15545	3.24644e-5	.	12	rs79716120
12	27124528	chr12:27124528:GATTT:G	GATTT	G	G	N	ADD	4520	1.37405	0.0773445	1.18077	1.59896	4.10841	3.98389e-5	.	12	rs142785367
12	27150917	chr12:27150917:CCTGA:C	CCTGA	C	C	N	ADD	4520	1.40186	0.0820929	1.19352	1.64658	4.11489	3.87372e-5	.	12	rs144444046
12	91187331	chr12:91187331:C:T	C	T	T	N	ADD	4520	1.25499	0.0537614	1.12948	1.39444	4.22466	2.39299e-5	.	12	rs12308739
12	91191376	chr12:91191376:G:A	G	A	A	N	ADD	4520	1.25635	0.0537258	1.13078	1.39586	4.2477	2.15979e-5	.	12	rs77856831
12	91192680	chr12:91192680:G:C	G	C	C	N	ADD	4520	1.25635	0.0537258	1.13078	1.39586	4.2477	2.15979e-5	.	12	rs11105819
12	120109284	chr12:120109284:AGGCACCTCTTCACAGGAC:A	AGGCACCTCTTCACAGGAC	A	A	N	ADD	4520	1.37683	0.0767419	1.18456	1.60031	4.16703	3.08598e-5	.	12	rs138621699
12	120146925	chr12:120146925:G:A	G	A	A	N	ADD	4520	1.4087	0.0803608	1.20342	1.64901	4.26413	2.00684e-5	.	12	rs11064881
13	41109429	chr13:41109429:A:C	A	C	C	N	ADD	4520	1.36267	0.0702101	1.18748	1.5637	4.40744	1.04601e-5	.	13	rs2755237
14	38906214	chr14:38906214:A:AG	A	AG	AG	N	ADD	4520	0.833793	0.044606	0.763994	0.90997	-4.075	4.60135e-5	.	14	rs11398272
14	49619024	chr14:49619024:C:A	C	A	A	N	ADD	4520	0.601525	0.12257	0.473066	0.764866	-4.14691	3.36995e-5	.	14	rs142442499
14	49650527	chr14:49650527:A:G	A	G	G	N	ADD	4520	0.567321	0.127491	0.44188499999999997	0.728365	-4.44606	8.74614e-6	.	14	rs144517891
14	49715534	chr14:49715534:G:C	G	C	C	N	ADD	4520	0.555125	0.129032	0.431081	0.714863	-4.56137	5.08217e-6	.	14	rs145466834
14	49801297	chr14:49801297:G:A	G	A	A	N	ADD	4520	0.594947	0.121603	0.468781	0.75507	-4.2703	1.9521e-5	.	14	rs117306343
14	49825130	chr14:49825130:G:A	G	A	A	N	ADD	4520	0.601015	0.124039	0.471306	0.766421	-4.10464	4.04943e-5	.	14	rs142258441
14	49826805	chr14:49826805:T:C	T	C	C	N	ADD	4520	0.601015	0.124039	0.471306	0.766421	-4.10464	4.04943e-5	.	14	rs189909739
14	49829345	chr14:49829345:G:A	G	A	A	N	ADD	4520	0.601015	0.124039	0.471306	0.766421	-4.10464	4.04943e-5	.	14	rs145785256
14	85441441	chr14:85441441:A:G	A	G	G	N	ADD	4520	0.489979	0.158938	0.35883	0.66906	-4.48851	7.17243e-6	.	14	rs117795367
14	95362515	chr14:95362515:G:T	G	T	T	N	ADD	4520	0.639996	0.0983767	0.527763	0.776097	-4.53657	5.71758e-6	.	14	rs74928096
14	95366640	chr14:95366640:G:A	G	A	A	N	ADD	4520	0.648352	0.101755	0.531125	0.791453	-4.25848	2.05822e-5	.	14	rs116021834
14	99565483	chr14:99565483:C:T	T	C	C	N	ADD	4520	1.20489	0.0444206	1.10443	1.3145	4.19606	2.71597e-5	.	14	rs28548282
14	99566723	chr14:99566723:T:C	C	T	T	N	ADD	4520	1.20237	0.0443677	1.10223	1.31161	4.15381	3.26982e-5	.	14	rs1257499
15	52568234	chr15:52568234:T:A	T	A	A	N	ADD	4520	1.28569	0.0601753	1.14265	1.44663	4.176	2.9668e-5	.	15	rs3751626
15	52569261	chr15:52569261:C:G	C	G	G	N	ADD	4520	1.2939	0.0603222	1.14962	1.45629	4.27141	1.94237e-5	.	15	rs16964849
15	52570733	chr15:52570733:G:A	G	A	A	N	ADD	4520	1.2922	0.0603245	1.1481	1.45438	4.24945	2.14299e-5	.	15	rs7162691
15	52575170	chr15:52575170:C:T	C	T	T	N	ADD	4520	1.28902	0.0603721	1.14517	1.45094	4.20528	2.6076e-5	.	15	rs3751624
15	52575837	chr15:52575837:T:G	T	G	G	N	ADD	4520	1.28163	0.060199	1.13899	1.44213	4.12186	3.75822e-5	.	15	rs28523395
15	52577570	chr15:52577570:G:GA	G	GA	GA	N	ADD	4520	1.27894	0.0603989	1.13615	1.43966	4.07341	4.63307e-5	.	15	rs146144623
15	52578399	chr15:52578399:G:A	G	A	A	N	ADD	4520	1.29044	0.060405	1.14636	1.45263	4.2212	2.43e-5	.	15	rs75702839
15	65726445	chr15:65726445:T:G	T	G	G	N	ADD	4520	1.88788	0.155006	1.39327	2.5581	4.09955	4.13947e-5	.	15	rs76191081
15	65925310	chr15:65925310:G:A	G	A	A	N	ADD	4520	2.07754	0.168859	1.49216	2.89256	4.33014	1.49015e-5	.	15	rs8027633
15	65942094	chr15:65942094:A:G	A	G	G	N	ADD	4520	2.05201	0.169173	1.47292	2.85878	4.24904	2.14687e-5	.	15	rs145222504
16	47424828	chr16:47424828:T:C	T	C	C	N	ADD	4520	1.22661	0.0464756	1.11982	1.34359	4.39487	1.10837e-5	.	16	rs4966882
16	47486817	chr16:47486817:C:T	C	T	T	N	ADD	4520	1.22947	0.0468805	1.12153	1.34779	4.40655	1.05029e-5	.	16	rs2111227
16	62879164	chr16:62879164:T:C	T	C	C	N	ADD	4520	0.633749	0.111291	0.50955	0.788222	-4.09829	4.16215e-5	.	16	rs117687131
16	62910488	chr16:62910488:A:T	A	T	T	N	ADD	4520	0.625474	0.112151	0.502049	0.779241	-4.18407	2.8633e-5	.	16	rs76298238
16	75241813	chr16:75241813:T:C	T	C	C	N	ADD	4520	0.606489	0.111913	0.487037	0.755238	-4.46836	7.88223e-6	.	16	rs11642025
16	75261095	chr16:75261095:A:C	A	C	C	N	ADD	4520	0.612701	0.110831	0.493071	0.761356	-4.42007	9.86689e-6	.	16	rs11538267
16	75284548	chr16:75284548:G:A	G	A	A	N	ADD	4520	0.619189	0.111107	0.498022	0.769835	-4.31427	1.60134e-5	.	16	rs117722077
16	83914031	chr16:83914031:T:A	T	A	A	N	ADD	4520	0.499193	0.168298	0.358933	0.694262	-4.12818	3.65642e-5	.	16	rs145459507
16	83914386	chr16:83914386:A:G	A	G	G	N	ADD	4520	0.499193	0.168298	0.358933	0.694262	-4.12818	3.65642e-5	.	16	rs72808720
16	83915116	chr16:83915116:C:T	C	T	T	N	ADD	4520	0.48756	0.173782	0.346821	0.685411	-4.13359	3.57143e-5	.	16	rs149553036
16	83916978	chr16:83916978:C:G	C	G	G	N	ADD	4520	0.499193	0.168298	0.358933	0.694262	-4.12818	3.65642e-5	.	16	rs76065092
16	83918497	chr16:83918497:C:T	C	T	T	N	ADD	4520	0.504178	0.166578	0.363741	0.698836	-4.11114	3.93717e-5	.	16	rs116849946
16	83918887	chr16:83918887:G:C	G	C	C	N	ADD	4520	0.504178	0.166578	0.363741	0.698836	-4.11114	3.93717e-5	.	16	rs144170128
16	83921230	chr16:83921230:C:G	C	G	G	N	ADD	4520	0.517014	0.158584	0.378892	0.705488	-4.15984	3.18466e-5	.	16	rs150380430
16	85892483	chr16:85892483:A:G	A	G	G	N	ADD	4520	1.40259	0.0832881	1.19134	1.65129	4.06201	4.86512e-5	.	16	rs149094408
17	70671871	chr17:70671871:G:A	G	A	A	N	ADD	4520	1.74286	0.136114	1.33476	2.27575	4.08135	4.4774e-5	.	17	rs146510853
18	22698653	chr18:22698653:G:T	T	G	G	N	ADD	4520	1.73496	0.13181	1.33996	2.2464	4.18016	2.91306e-5	.	18	rs4800209
18	22704285	chr18:22704285:G:T	T	G	G	N	ADD	4520	1.77061	0.13217	1.36653	2.29418	4.32265	1.54167e-5	.	18	rs8086056
18	22704513	chr18:22704513:C:T	T	C	C	N	ADD	4520	1.73779	0.132495	1.34035	2.25309	4.17085	3.03464e-5	.	18	rs9959293
18	22708591	chr18:22708591:G:A	A	G	G	N	ADD	4520	1.75409	0.132323	1.35338	2.27345	4.24684	2.16807e-5	.	18	rs8088769
18	22709242	chr18:22709242:ATT:A	A	ATT	ATT	N	ADD	4520	1.75723	0.132325	1.35579	2.27752	4.26026	2.04188e-5	.	18	rs71950328
18	22709245	chr18:22709245:AT:A	A	AT	AT	N	ADD	4520	1.75723	0.132325	1.35579	2.27752	4.26026	2.04188e-5	.	18	rs562110061
18	22713561	chr18:22713561:C:T	T	C	C	N	ADD	4520	1.7374	0.132478	1.34009	2.25251	4.16969	3.0502e-5	.	18	rs7244172
18	22721808	chr18:22721808:G:C	C	G	G	N	ADD	4520	1.73387	0.133187	1.33551	2.25105	4.13219	3.59319e-5	.	18	rs4597402
18	22729311	chr18:22729311:A:G	G	A	A	N	ADD	4520	1.72537	0.133279	1.32872	2.24041	4.09247	4.26801e-5	.	18	rs4479329
18	22729413	chr18:22729413:C:T	T	C	C	N	ADD	4520	1.73579	0.133178	1.33702	2.25351	4.14081	3.46085e-5	.	18	rs4433883
18	22730367	chr18:22730367:C:T	T	C	C	N	ADD	4520	1.72537	0.133279	1.32872	2.24041	4.09247	4.26801e-5	.	18	rs4506987
18	22734595	chr18:22734595:G:A	A	G	G	N	ADD	4520	1.76114	0.132927	1.3572	2.28529	4.25767	2.06571e-5	.	18	rs4327130
18	22735906	chr18:22735906:C:T	T	C	C	N	ADD	4520	1.73902	0.132399	1.34155	2.25426	4.17921	2.92529e-5	.	18	rs4800625
22	28046482	chr22:28046482:C:T	C	T	T	N	ADD	4520	1.2189	0.0468076	1.11205	1.33601	4.22893	2.34802e-5	.	22	rs9613500
22	28047929	chr22:28047929:G:A	G	A	A	N	ADD	4520	1.22023	0.046846	1.11318	1.33757	4.24876	2.14961e-5	.	22	rs9613501
22	28048391	chr22:28048391:C:T	C	T	T	N	ADD	4520	1.2259	0.0468297	1.11839	1.34374	4.34921	1.36628e-5	.	22	rs9608636
22	28049550	chr22:28049550:A:G	A	G	G	N	ADD	4520	1.22408	0.0468114	1.11677	1.3417	4.31921	1.56592e-5	.	22	rs9613502
22	28049597	chr22:28049597:T:C	T	C	C	N	ADD	4520	1.22562	0.0468122	1.11818	1.3434	4.34611	1.38574e-5	.	22	rs9613503
22	28050390	chr22:28050390:C:T	C	T	T	N	ADD	4520	1.2258	0.0468129	1.11834	1.34359	4.34913	1.36678e-5	.	22	rs9613504
22	28088738	chr22:28088738:C:T	C	T	T	N	ADD	4520	1.30647	0.0651263	1.14991	1.48434	4.10476	4.04727e-5	.	22	rs73164406
22	28090252	chr22:28090252:A:T	A	T	T	N	ADD	4520	1.25638	0.0542141	1.12973	1.39723	4.20984	2.55555e-5	.	22	rs738352
22	28093777	chr22:28093777:C:G	G	C	C	N	ADD	4520	1.24187	0.0533893	1.11849	1.37886	4.05734	4.96351e-5	.	22	rs4822930
22	28104051	chr22:28104051:G:A	A	G	G	N	ADD	4520	1.24157	0.047973	1.13015	1.36397	4.5104	6.47047e-6	.	22	rs6005580
22	28104062	chr22:28104062:G:A	A	G	G	N	ADD	4520	1.24157	0.047973	1.13015	1.36397	4.5104	6.47047e-6	.	22	rs6005581
22	49937236	chr22:49937236:C:T	C	T	T	N	ADD	4520	1.28701	0.0612065	1.14152	1.45104	4.12244	3.74888e-5	.	22	rs28546641
