rsid	effect	se	pval	A1	A2	npersons	phenotype
rs12406383	NA	0.0487174	4.46892e-5	A	C	4520	Anhedonia
rs11581813	-0.7065533099344273	0.120015	3.94496e-5	A	G	4520	Anhedonia
rs5773730	NA	0.043563	2.21373e-6	C	CT	4520	Anhedonia
rs7414950	-1.435746916795006	0.0507096	2.70329e-6	G	A	4520	Anhedonia
rs6678370	-1.557058337275462	0.0515886	4.40247e-5	C	G	4520	Anhedonia
rs56080717	-1.557058337275462	0.0515886	4.40247e-5	A	C	4520	Anhedonia
rs72716507	-1.5606402598771634	0.0516133	4.72569e-5	T	C	4520	Anhedonia
rs72716508	-1.5606402598771634	0.0516133	4.72569e-5	A	C	4520	Anhedonia
rs4596918	-1.5606402598771634	0.0516133	4.72569e-5	A	G	4520	Anhedonia
rs12409019	-1.5606402598771634	0.0516133	4.72569e-5	G	T	4520	Anhedonia
rs56043829	-1.5606402598771634	0.0516133	4.72569e-5	T	G	4520	Anhedonia
rs4907038	-1.554295864902141	0.05162	4.23886e-5	A	G	4520	Anhedonia
rs12402664	-1.5606402598771634	0.0516133	4.72569e-5	C	G	4520	Anhedonia
rs12403030	-1.5606402598771634	0.0516133	4.72569e-5	A	G	4520	Anhedonia
rs33938887	-1.5557143143939252	0.0516176	4.3417e-5	T	G	4520	Anhedonia
rs72716525	-1.5557143143939252	0.0516176	4.3417e-5	C	T	4520	Anhedonia
rs41437346	-1.5586740570015685	0.051587	4.52543e-5	A	C	4520	Anhedonia
rs76946905	NA	0.17294	4.21397e-5	A	C	4520	Anhedonia
rs2952625	NA	0.0832397	1.4193e-5	C	A	4520	Anhedonia
rs1630614	NA	0.0900107	4.5808e-5	T	G	4520	Anhedonia
rs10166042	-1.592470866788741	0.0500468	4.80904e-5	A	G	4520	Anhedonia
rs56291006	-1.5817110872566256	0.0500901	4.04256e-5	A	G	4520	Anhedonia
rs55796179	-1.5785890589897869	0.0498943	3.56458e-5	G	A	4520	Anhedonia
rs10173113	-1.5802078848940615	0.0498664	3.63297e-5	A	G	4520	Anhedonia
rs1365972	-1.5743399060402876	0.0498713	3.27268e-5	C	T	4520	Anhedonia
rs10205156	-1.746941836375542	0.0428983	4.84039e-5	C	G	4520	Anhedonia
rs10173697	-1.7214947310350497	0.042985	3.1878e-5	C	T	4520	Anhedonia
rs10208786	-1.727220166405328	0.0429731	3.51826e-5	C	G	4520	Anhedonia
rs1465673	-1.7073020264331429	0.0429739	2.44288e-5	G	T	4520	Anhedonia
rs139001025	NA	0.224758	1.48997e-5	T	C	4520	Anhedonia
rs72805546	NA	0.0799446	1.21898e-5	G	C	4520	Anhedonia
rs139999290	NA	0.0799027	1.39272e-5	G	A	4520	Anhedonia
rs72805554	NA	0.0807088	4.63634e-5	T	C	4520	Anhedonia
rs146365374	NA	0.0878835	4.26087e-5	A	AAC	4520	Anhedonia
rs6739658	NA	0.0590817	8.38147e-6	C	T	4520	Anhedonia
rs408588	-1.2568827023298037	0.0701158	4.94593e-5	G	T	4520	Anhedonia
rs408613	-1.253084435042312	0.0700366	4.53824e-5	G	T	4520	Anhedonia
rs113491905	-0.2951243980532536	0.182657	4.58937e-5	C	T	4520	Anhedonia
rs62252967	NA	0.0635585	2.10374e-5	T	C	4520	Anhedonia
rs6796248	NA	0.0499263	1.74802e-5	C	A	4520	Anhedonia
rs9835804	NA	0.0495403	2.38286e-5	A	G	4520	Anhedonia
rs4340708	NA	0.0495464	2.78996e-5	C	T	4520	Anhedonia
rs1365846	NA	0.0495421	2.58641e-5	T	C	4520	Anhedonia
rs9853776	NA	0.0495019	3.48869e-5	G	A	4520	Anhedonia
rs6437726	NA	0.0450799	4.59527e-5	A	G	4520	Anhedonia
rs1919006	NA	0.0451	3.84973e-5	C	T	4520	Anhedonia
rs11391986	NA	0.0450704	4.46264e-5	T	TA	4520	Anhedonia
rs397767969	NA	0.0450949	2.42217e-5	C	CA	4520	Anhedonia
rs1919005	NA	0.0451124	4.41064e-5	A	G	4520	Anhedonia
rs1919004	NA	0.0451173	4.72863e-5	T	G	4520	Anhedonia
rs6769089	NA	0.0451173	4.72863e-5	T	C	4520	Anhedonia
rs7629307	NA	0.0480374	7.96693e-6	A	C	4520	Anhedonia
rs10675611	NA	0.0451082	3.69708e-5	T	TTC	4520	Anhedonia
rs1528307	NA	0.0480333	7.59373e-6	A	G	4520	Anhedonia
rs9830097	NA	0.0480361	8.10371e-6	C	T	4520	Anhedonia
rs9850113	NA	0.0451339	4.97495e-5	T	C	4520	Anhedonia
rs2895322	NA	0.0480418	1.01889e-5	T	C	4520	Anhedonia
rs2399130	NA	0.0480361	8.10371e-6	C	T	4520	Anhedonia
rs1881312	NA	0.0480361	8.10371e-6	T	C	4520	Anhedonia
rs4364160	NA	0.048041	1.12265e-5	G	A	4520	Anhedonia
rs9871009	NA	0.0480383	9.98904e-6	T	G	4520	Anhedonia
.	NA	0.0479698	1.17672e-5	T	AA	4520	Anhedonia
rs6786298	NA	0.0451047	4.94712e-5	G	A	4520	Anhedonia
rs1358478	NA	0.0480427	7.92445e-6	A	T	4520	Anhedonia
rs6767609	NA	0.0480476	9.96935e-6	A	G	4520	Anhedonia
rs7643234	NA	0.0476146	4.80337e-6	G	C	4520	Anhedonia
rs7610955	NA	0.0451288	4.32183e-5	T	G	4520	Anhedonia
rs7643474	NA	0.0451288	4.32183e-5	C	G	4520	Anhedonia
rs4528938	NA	0.045106	4.91094e-5	G	C	4520	Anhedonia
rs4600813	NA	0.045106	4.91094e-5	G	C	4520	Anhedonia
rs4408869	NA	0.047635	5.12264e-6	C	G	4520	Anhedonia
rs36133795	NA	0.0451178	4.21439e-5	C	T	4520	Anhedonia
rs79141142	NA	0.0475923	6.15242e-6	A	T	4520	Anhedonia
rs1881311	NA	0.0480173	1.23502e-5	C	A	4520	Anhedonia
rs1528310	NA	0.0480031	1.14833e-5	C	T	4520	Anhedonia
rs1881310	NA	0.0479935	1.57204e-5	T	C	4520	Anhedonia
rs6437728	NA	0.0480103	1.8009e-5	G	A	4520	Anhedonia
rs2895320	NA	0.0451322	4.3467e-5	G	A	4520	Anhedonia
rs3938317	NA	0.0480113	1.63006e-5	A	T	4520	Anhedonia
rs9844466	NA	0.0480252	1.63079e-5	T	A	4520	Anhedonia
rs9867628	NA	0.0494499	2.1075e-5	A	G	4520	Anhedonia
rs2204685	NA	0.0480031	9.91571e-6	C	T	4520	Anhedonia
rs7618613	NA	0.0480275	8.29602e-6	G	A	4520	Anhedonia
rs1406175	NA	0.0494142	1.90386e-5	A	G	4520	Anhedonia
rs9846321	NA	0.0480094	8.1991e-6	C	G	4520	Anhedonia
rs1609286	NA	0.0480275	8.29602e-6	C	T	4520	Anhedonia
rs1609285	NA	0.0480094	8.1991e-6	T	C	4520	Anhedonia
rs1609284	NA	0.0451761	4.57643e-5	T	C	4520	Anhedonia
rs9871416	NA	0.0494253	1.79872e-5	A	G	4520	Anhedonia
rs56719827	NA	0.0487723	2.09396e-5	G	GT	4520	Anhedonia
rs1581656	NA	0.0479654	1.18964e-5	A	T	4520	Anhedonia
rs7611083	NA	0.0479654	1.18964e-5	C	T	4520	Anhedonia
rs4337636	NA	0.0479803	1.36588e-5	C	T	4520	Anhedonia
rs4315683	NA	0.0494302	2.13236e-5	A	G	4520	Anhedonia
rs1609283	NA	0.047447	4.3143e-6	G	A	4520	Anhedonia
rs1547589	NA	0.0474078	7.59543e-6	T	C	4520	Anhedonia
rs35602464	NA	0.0487002	1.74045e-5	TA	T	4520	Anhedonia
rs144393102	NA	0.0485583	2.01579e-5	AAAAG	A	4520	Anhedonia
rs35307765	NA	0.0488629	1.15577e-5	T	TGGGGGGGG	4520	Anhedonia
rs34244972	NA	0.0489333	1.88289e-5	A	AAAT	4520	Anhedonia
rs2037819	NA	0.0488203	1.87588e-5	T	A	4520	Anhedonia
rs75965832	NA	0.088453	4.94777e-5	T	C	4520	Anhedonia
rs6770516	NA	0.079048	2.56705e-5	T	A	4520	Anhedonia
rs6793611	NA	0.0778548	1.76077e-5	A	G	4520	Anhedonia
rs6793764	NA	0.0778548	1.76077e-5	T	C	4520	Anhedonia
rs138266610	NA	0.19463	3.40458e-5	T	C	4520	Anhedonia
rs1979331	-1.3703043743666854	0.0600438	2.32872e-5	T	C	4520	Anhedonia
rs115067921	NA	0.18964	2.3416e-5	A	C	4520	Anhedonia
rs9307181	NA	0.0456187	3.78423e-5	T	C	4520	Anhedonia
rs13150867	NA	0.045569900000000003	3.13778e-5	C	T	4520	Anhedonia
rs4699528	NA	0.045532	4.21723e-5	T	G	4520	Anhedonia
rs28831236	NA	0.0456187	3.78423e-5	T	C	4520	Anhedonia
rs28542463	NA	0.0456126	4.3026e-5	A	G	4520	Anhedonia
rs10011978	NA	0.0455852	3.75313e-5	A	C	4520	Anhedonia
rs10004936	NA	0.0448205	8.92505e-6	C	A	4520	Anhedonia
rs11736743	NA	0.0447036	1.90771e-5	C	T	4520	Anhedonia
rs4403121	NA	0.044784	1.00931e-5	G	T	4520	Anhedonia
rs6855625	NA	0.0446101	2.17001e-5	C	A	4520	Anhedonia
rs6856278	NA	0.0454807	4.62281e-5	A	C	4520	Anhedonia
rs4699531	NA	0.0454807	4.62281e-5	A	G	4520	Anhedonia
rs4699532	NA	0.0445951	2.48942e-5	C	T	4520	Anhedonia
rs397810648	NA	0.0448311	1.49664e-5	GA	G	4520	Anhedonia
rs28439210	NA	0.0447353	1.3622e-5	G	A	4520	Anhedonia
rs4296683	NA	0.0448252	9.72256e-6	T	C	4520	Anhedonia
rs11735922	NA	0.044784	1.00931e-5	T	C	4520	Anhedonia
rs6834084	NA	0.044784	1.00931e-5	T	G	4520	Anhedonia
rs6833987	NA	0.044784	1.00931e-5	T	A	4520	Anhedonia
rs6834324	NA	0.044784	1.00931e-5	T	C	4520	Anhedonia
rs11721797	NA	0.044784	1.00931e-5	A	G	4520	Anhedonia
rs11727437	NA	0.044784	1.00931e-5	A	T	4520	Anhedonia
rs4280736	NA	0.0448113	1.14266e-5	A	C	4520	Anhedonia
rs113130511	NA	0.0447433	8.78978e-6	AC	A	4520	Anhedonia
rs28695189	NA	0.044826	1.06009e-5	A	G	4520	Anhedonia
rs28544332	NA	0.0448431	9.49668e-6	T	C	4520	Anhedonia
rs11732038	NA	0.0448627	8.87185e-6	G	A	4520	Anhedonia
rs4502759	NA	0.0452148	4.55711e-5	G	A	4520	Anhedonia
rs28445269	NA	0.0453968	6.4354e-6	T	C	4520	Anhedonia
rs4295339	NA	0.0453968	6.4354e-6	T	C	4520	Anhedonia
rs4232866	NA	0.0453893	7.29746e-6	G	A	4520	Anhedonia
rs4699534	NA	0.0453439	8.03002e-6	A	T	4520	Anhedonia
rs28714297	NA	0.0455725	1.99733e-5	C	T	4520	Anhedonia
rs13139172	NA	0.0455786	1.77522e-5	C	T	4520	Anhedonia
rs28689525	NA	0.0455786	1.77522e-5	G	A	4520	Anhedonia
rs13118832	NA	0.0455582	1.93277e-5	A	G	4520	Anhedonia
rs35440388	NA	0.0455757	1.59553e-5	C	CAG	4520	Anhedonia
rs78099442	NA	0.0455548	1.7768e-5	T	TG	4520	Anhedonia
rs2204920	NA	0.0455582	1.93277e-5	G	A	4520	Anhedonia
rs35638723	NA	0.0455621	1.79941e-5	G	C	4520	Anhedonia
rs9992810	NA	0.0455412	2.00242e-5	A	G	4520	Anhedonia
rs10024940	NA	0.0455487	2.39933e-5	G	A	4520	Anhedonia
rs1125505	NA	0.0455443	2.19872e-5	T	A	4520	Anhedonia
rs10002123	NA	0.0455479	2.39565e-5	A	G	4520	Anhedonia
rs10011403	NA	0.0455751	3.02425e-5	T	C	4520	Anhedonia
rs35220729	NA	0.0456073	2.91865e-5	C	CT	4520	Anhedonia
rs9990757	NA	0.0455975	3.54722e-5	A	G	4520	Anhedonia
rs10009024	NA	0.0455975	3.54722e-5	C	T	4520	Anhedonia
rs28702967	NA	0.0455975	3.54722e-5	A	G	4520	Anhedonia
rs11736467	NA	0.0455975	3.54722e-5	T	C	4520	Anhedonia
rs9996450	NA	0.0456402	3.28381e-5	T	C	4520	Anhedonia
rs6820628	-0.844147883915136	0.10521	4.38229e-5	C	T	4520	Anhedonia
rs4863511	-1.0730282462311422	0.0840727	4.75011e-5	C	G	4520	Anhedonia
rs115437391	-0.7051191769663973	0.112539	1.13327e-5	A	G	4520	Anhedonia
rs7691785	NA	0.0467743	4.99857e-5	G	A	4520	Anhedonia
rs623435	NA	0.124439	1.61112e-5	T	C	4520	Anhedonia
rs635790	NA	0.124307	2.9823e-5	T	C	4520	Anhedonia
rs147454841	NA	0.116416	3.32099e-5	T	C	4520	Anhedonia
rs292961	-1.5252066888040052	0.0523385	3.22254e-5	C	T	4520	Anhedonia
rs292960	-1.5033529785754063	0.0523078	2.12395e-5	A	G	4520	Anhedonia
rs1363335	-1.543337541415769	0.0518014	3.71118e-5	C	T	4520	Anhedonia
rs1422228	-1.540356899145726	0.0512749	2.92116e-5	G	T	4520	Anhedonia
rs6450491	-1.547164007532903	0.0511306	3.14199e-5	G	A	4520	Anhedonia
rs4700306	-1.547164007532903	0.0511306	3.14199e-5	T	A	4520	Anhedonia
rs1345639	-1.5283183932823452	0.0514405	2.48086e-5	C	T	4520	Anhedonia
rs10805508	-1.5283183932823452	0.0514405	2.48086e-5	A	G	4520	Anhedonia
rs1010757	-1.5193854782167004	0.0512829	1.97669e-5	A	C	4520	Anhedonia
rs1010758	-1.5245414258310892	0.051278	2.17748e-5	C	A	4520	Anhedonia
rs410746	-1.511348187661547	0.0512925	1.69958e-5	G	A	4520	Anhedonia
rs387958	-1.533605596586388	0.0514361	2.73358e-5	A	G	4520	Anhedonia
rs374427	-1.506202035102792	0.0512973	1.54031e-5	T	C	4520	Anhedonia
rs389859	-1.506202035102792	0.0512973	1.54031e-5	A	G	4520	Anhedonia
rs453741	-1.506202035102792	0.0512973	1.54031e-5	C	T	4520	Anhedonia
rs389200	-1.506202035102792	0.0512973	1.54031e-5	A	G	4520	Anhedonia
rs452180	-1.506202035102792	0.0512973	1.54031e-5	A	C	4520	Anhedonia
rs2409609	-1.5116754444746172	0.0513916	1.77573e-5	T	A	4520	Anhedonia
rs2409610	-1.5116754444746172	0.0513916	1.77573e-5	T	A	4520	Anhedonia
rs2409611	-1.5116754444746172	0.0513916	1.77573e-5	T	A	4520	Anhedonia
rs2409612	-1.5116754444746172	0.0513916	1.77573e-5	C	T	4520	Anhedonia
rs378776	-1.506202035102792	0.0512973	1.54031e-5	A	G	4520	Anhedonia
rs442899	-1.506202035102792	0.0512973	1.54031e-5	C	A	4520	Anhedonia
rs442547	-1.506202035102792	0.0512973	1.54031e-5	G	T	4520	Anhedonia
rs442534	-1.506202035102792	0.0512973	1.54031e-5	G	A	4520	Anhedonia
rs399056	-1.511348187661547	0.0512925	1.69958e-5	T	G	4520	Anhedonia
rs36099568	-1.5193854782167004	0.0512829	1.97669e-5	AT	A	4520	Anhedonia
rs441311	-1.511348187661547	0.0512925	1.69958e-5	A	C	4520	Anhedonia
rs437730	-1.511348187661547	0.0512925	1.69958e-5	G	A	4520	Anhedonia
rs446155	-1.5168928018989185	0.0512879	1.88901e-5	C	T	4520	Anhedonia
rs413683	-1.511348187661547	0.0512925	1.69958e-5	A	G	4520	Anhedonia
rs448913	-1.5155762104809865	0.051287	1.84122e-5	C	T	4520	Anhedonia
rs436555	-1.5155762104809865	0.051287	1.84122e-5	T	A	4520	Anhedonia
rs384705	-1.5155762104809865	0.051287	1.84122e-5	A	C	4520	Anhedonia
rs6873558	NA	0.0666581	4.51497e-5	A	G	4520	Anhedonia
rs79034544	-0.804587882603731	0.10463	1.91317e-5	G	A	4520	Anhedonia
rs114842260	-0.7459926389764766	0.112489	2.48565e-5	T	G	4520	Anhedonia
rs556811506	-0.7507728359694895	0.111326	2.23696e-5	C	CT	4520	Anhedonia
rs751112929	-0.8125240164025674	0.106043	2.85754e-5	TTA	T	4520	Anhedonia
rs153579	-0.8450866955819438	0.0991299	1.47161e-5	G	C	4520	Anhedonia
rs17701178	NA	0.0797238	4.91463e-5	T	C	4520	Anhedonia
rs116735059	-0.9820241280181193	0.0846019	9.5447e-6	A	C	4520	Anhedonia
rs76991733	-0.9793853906646749	0.0871668	1.64485e-5	A	G	4520	Anhedonia
rs296009	-0.9289790012825596	0.0806466	9.71246e-7	T	G	4520	Anhedonia
rs881811	-0.754230746217398	0.112722	3.00801e-5	T	C	4520	Anhedonia
rs34507926	-0.6685944046107745	0.114226	7.25275e-6	C	G	4520	Anhedonia
rs142763365	NA	0.178833	4.32645e-5	G	A	4520	Anhedonia
rs62481740	-1.0346913231295836	0.0868644	4.30064e-5	C	T	4520	Anhedonia
rs7801483	-1.0079035881289278	0.0832635	1.16816e-5	A	T	4520	Anhedonia
rs10949785	-1.0436418019545615	0.0838771	2.68488e-5	C	T	4520	Anhedonia
rs11769512	-1.0436418019545615	0.0838771	2.68488e-5	T	C	4520	Anhedonia
rs10949786	-1.0436418019545615	0.0838771	2.68488e-5	T	C	4520	Anhedonia
rs10949787	-1.0436418019545615	0.0838771	2.68488e-5	T	C	4520	Anhedonia
rs10949788	-1.0436418019545615	0.0838771	2.68488e-5	C	T	4520	Anhedonia
rs10264451	-1.0436418019545615	0.0838771	2.68488e-5	T	C	4520	Anhedonia
rs11764861	-1.0436418019545615	0.0838771	2.68488e-5	G	C	4520	Anhedonia
rs7790529	-1.0436418019545615	0.0838771	2.68488e-5	T	A	4520	Anhedonia
rs28733071	-1.0523179972912904	0.0838965	3.16282e-5	A	G	4520	Anhedonia
rs2363906	-1.0436418019545615	0.0838771	2.68488e-5	G	A	4520	Anhedonia
rs2885940	-1.0437616108040906	0.0837315	2.60618e-5	T	C	4520	Anhedonia
rs2363908	-1.05777231185428	0.0837721	3.39902e-5	T	G	4520	Anhedonia
rs879763	-1.05777231185428	0.0837721	3.39902e-5	C	T	4520	Anhedonia
rs61540520	-1.0225033219387518	0.0869069	3.4913e-5	T	G	4520	Anhedonia
rs78586460	-1.0290515654665855	0.0867649	3.8124e-5	T	A	4520	Anhedonia
rs62480365	-1.0158590292000682	0.0870565	3.19262e-5	A	G	4520	Anhedonia
rs116421488	-1.0310313723068054	0.087106	4.23403e-5	T	G	4520	Anhedonia
rs76684909	-1.0310313723068054	0.087106	4.23403e-5	T	A	4520	Anhedonia
rs1534862	-1.5539129181478073	0.051982	4.75973e-5	T	C	4520	Anhedonia
rs11327794	NA	0.0476839	4.00605e-5	CT	C	4520	Anhedonia
rs4738298	NA	0.0473857	4.67863e-5	C	T	4520	Anhedonia
rs117025250	NA	0.150251	3.01013e-5	A	G	4520	Anhedonia
rs145435560	NA	0.14972	4.62972e-5	C	G	4520	Anhedonia
rs149089751	NA	0.0992545	2.7689e-5	T	C	4520	Anhedonia
rs577951495	NA	0.043588	2.91118e-6	A	ATTTTTT	4520	Anhedonia
rs144803951	NA	0.181734	9.39516e-6	T	C	4520	Anhedonia
rs200636651	NA	0.165405	2.70322e-5	C	CT	4520	Anhedonia
rs62526615	-0.39551652994927733	0.165962	4.96768e-5	T	C	4520	Anhedonia
rs532369483	-0.5182684369216785	0.137867	1.56216e-5	GAGAAAGCAGGACTGTGCAGAGGA	G	4520	Anhedonia
rs62528665	-0.49526923490512853	0.137068	8.74772e-6	A	G	4520	Anhedonia
rs73652424	NA	0.192309	4.90274e-5	G	A	4520	Anhedonia
rs10993671	-1.268873084754389	0.0683509	3.90069e-5	G	A	4520	Anhedonia
rs192659111	NA	0.162364	3.72523e-5	G	C	4520	Anhedonia
rs10978671	NA	0.0729071	2.68146e-5	G	A	4520	Anhedonia
rs7916867	NA	0.164457	4.1745e-5	A	C	4520	Anhedonia
rs9129	-1.32516728659676	0.0653749	4.80043e-5	C	G	4520	Anhedonia
rs12678	-1.311837933854597	0.0653659	3.78493e-5	T	C	4520	Anhedonia
rs7908746	-1.311837933854597	0.0653659	3.78493e-5	C	T	4520	Anhedonia
rs7904857	-1.311837933854597	0.0653659	3.78493e-5	T	A	4520	Anhedonia
rs7924163	-1.3532962939370425	0.0597808	1.54466e-5	T	C	4520	Anhedonia
rs61175822	-1.2791165551534605	0.0622641	7.84488e-6	AAAAAT	A	4520	Anhedonia
rs11812157	-1.3850660974045	0.0589455	2.17184e-5	T	A	4520	Anhedonia
rs17136264	-1.3823026012510198	0.0587775	1.95125e-5	A	T	4520	Anhedonia
rs3740609	-1.3823026012510198	0.0587775	1.95125e-5	G	C	4520	Anhedonia
rs7924157	-1.3823026012510198	0.0587775	1.95125e-5	C	T	4520	Anhedonia
rs10508248	-1.3871216155646438	0.0587798	2.14147e-5	C	G	4520	Anhedonia
rs59486411	-1.3871216155646438	0.0587798	2.14147e-5	A	C	4520	Anhedonia
rs2388556	-1.3800430233884804	0.0594124	2.29242e-5	T	C	4520	Anhedonia
rs7071887	-1.3673480080739882	0.0595114	1.85871e-5	A	C	4520	Anhedonia
rs17287235	-1.379239782864571	0.0598063	2.55675e-5	G	C	4520	Anhedonia
rs57504314	-1.3897766770195858	0.0591073	2.49845e-5	A	G	4520	Anhedonia
rs7072341	-1.3897766770195858	0.0591073	2.49845e-5	G	A	4520	Anhedonia
rs3765100	-1.3714961130169472	0.0592449	1.84634e-5	A	T	4520	Anhedonia
rs142121511	-1.2857281294300593	0.0625004	9.72673e-6	C	CACAA	4520	Anhedonia
rs58337104	-1.3586645295940056	0.0599252	1.79662e-5	C	G	4520	Anhedonia
rs2274830	-1.3755429509956094	0.0600477	2.57158e-5	C	T	4520	Anhedonia
rs4838439	NA	0.0436819	3.48572e-5	T	C	4520	Anhedonia
rs35041694	-0.8093789333037613	0.106368	2.85363e-5	A	T	4520	Anhedonia
rs74510012	-0.6104027032021033	0.1284	2.3367e-5	C	T	4520	Anhedonia
rs120739	-1.7182735988312676	0.0438572	4.31458e-5	G	A	4520	Anhedonia
rs434241	-1.7286811639422908	0.0437636	4.98656e-5	G	T	4520	Anhedonia
rs117639907	NA	0.10494	3.1396e-5	A	G	4520	Anhedonia
rs7107908	NA	0.058411	1.20915e-5	C	T	4520	Anhedonia
rs72935300	NA	0.06298	2.48763e-5	G	T	4520	Anhedonia
rs72935301	NA	0.0629902	2.8557e-5	G	A	4520	Anhedonia
rs540103	NA	0.0440592	3.83478e-5	G	A	4520	Anhedonia
rs34749076	NA	0.0442407	3.03535e-5	T	TA	4520	Anhedonia
rs536613	NA	0.0441289	4.88846e-5	G	A	4520	Anhedonia
rs11063158	-1.0236489532744493	0.0864951	3.2705e-5	T	C	4520	Anhedonia
rs10774234	-1.0298154150658139	0.0865432	3.69246e-5	A	G	4520	Anhedonia
rs12229619	-0.9190690693596267	0.0967395	3.73464e-5	C	G	4520	Anhedonia
rs146970669	-1.2604073636274606	0.068233	3.24644e-5	A	G	4520	Anhedonia
rs79716120	-1.2604073636274606	0.068233	3.24644e-5	G	A	4520	Anhedonia
rs142785367	-1.146450768626821	0.0773445	3.98389e-5	G	GATTT	4520	Anhedonia
rs144444046	-1.0853014928450686	0.0820929	3.87372e-5	C	CCTGA	4520	Anhedonia
rs12308739	-1.4822432854101968	0.0537614	2.39299e-5	T	C	4520	Anhedonia
rs77856831	-1.4774859905604143	0.0537258	2.15979e-5	A	G	4520	Anhedonia
rs11105819	-1.4774859905604143	0.0537258	2.15979e-5	C	G	4520	Anhedonia
rs138621699	-1.140110276198359	0.0767419	3.08598e-5	A	AGGCACCTCTTCACAGGAC	4520	Anhedonia
rs11064881	-1.0709952929866406	0.0803608	2.00684e-5	A	G	4520	Anhedonia
rs2755237	-1.1729716433851114	0.0702101	1.04601e-5	C	A	4520	Anhedonia
rs11398272	NA	0.044606	4.60135e-5	AG	A	4520	Anhedonia
rs142442499	NA	0.12257	3.36995e-5	A	C	4520	Anhedonia
rs144517891	NA	0.127491	8.74614e-6	G	A	4520	Anhedonia
rs145466834	NA	0.129032	5.08217e-6	C	G	4520	Anhedonia
rs117306343	NA	0.121603	1.9521e-5	A	G	4520	Anhedonia
rs142258441	NA	0.124039	4.04943e-5	A	G	4520	Anhedonia
rs189909739	NA	0.124039	4.04943e-5	C	T	4520	Anhedonia
rs145785256	NA	0.124039	4.04943e-5	A	G	4520	Anhedonia
rs117795367	NA	0.158938	7.17243e-6	G	A	4520	Anhedonia
rs74928096	NA	0.0983767	5.71758e-6	T	G	4520	Anhedonia
rs116021834	NA	0.101755	2.05822e-5	A	G	4520	Anhedonia
rs28548282	-1.6799232731897251	0.0444206	2.71597e-5	C	T	4520	Anhedonia
rs1257499	-1.6912196657077623	0.0443677	3.26982e-5	T	C	4520	Anhedonia
rs3751626	-1.3811255854312852	0.0601753	2.9668e-5	A	T	4520	Anhedonia
rs16964849	-1.3561108478770392	0.0603222	1.94237e-5	G	C	4520	Anhedonia
rs7162691	-1.361226434999954	0.0603245	2.14299e-5	A	G	4520	Anhedonia
rs3751624	-1.3708847425389759	0.0603721	2.6076e-5	T	C	4520	Anhedonia
rs28523395	-1.3937915739263687	0.060199	3.75822e-5	G	T	4520	Anhedonia
rs146144623	-1.4022952559932342	0.0603989	4.63307e-5	GA	G	4520	Anhedonia
rs75702839	-1.366557439948816	0.060405	2.43e-5	A	G	4520	Anhedonia
rs76191081	-0.45341477804131547	0.155006	4.13947e-5	G	T	4520	Anhedonia
rs8027633	-0.31308945508288766	0.168859	1.49015e-5	A	G	4520	Anhedonia
rs145222504	-0.33014457772008987	0.169173	2.14687e-5	G	A	4520	Anhedonia
rs4966882	-1.5883896554063441	0.0464756	1.10837e-5	C	T	4520	Anhedonia
rs2111227	-1.5770521282539542	0.0468805	1.05029e-5	T	C	4520	Anhedonia
rs117687131	NA	0.111291	4.16215e-5	C	T	4520	Anhedonia
rs76298238	NA	0.112151	2.8633e-5	T	A	4520	Anhedonia
rs11642025	NA	0.111913	7.88223e-6	C	T	4520	Anhedonia
rs11538267	NA	0.110831	9.86689e-6	C	A	4520	Anhedonia
rs117722077	NA	0.111107	1.60134e-5	A	G	4520	Anhedonia
rs145459507	NA	0.168298	3.65642e-5	A	T	4520	Anhedonia
rs72808720	NA	0.168298	3.65642e-5	G	A	4520	Anhedonia
rs149553036	NA	0.173782	3.57143e-5	T	C	4520	Anhedonia
rs76065092	NA	0.168298	3.65642e-5	G	C	4520	Anhedonia
rs116849946	NA	0.166578	3.93717e-5	T	C	4520	Anhedonia
rs144170128	NA	0.166578	3.93717e-5	C	G	4520	Anhedonia
rs150380430	NA	0.158584	3.18466e-5	G	C	4520	Anhedonia
rs149094408	-1.0837615267069458	0.0832881	4.86512e-5	G	A	4520	Anhedonia
rs146510853	-0.5878372705342934	0.136114	4.4774e-5	A	G	4520	Anhedonia
rs4800209	-0.5960488579308644	0.13181	2.91306e-5	G	T	4520	Anhedonia
rs8086056	-0.5597985946752885	0.13217	1.54167e-5	G	T	4520	Anhedonia
rs9959293	-0.5930951863949528	0.132495	3.03464e-5	C	T	4520	Anhedonia
rs8088769	-0.5763420381349379	0.132323	2.16807e-5	G	A	4520	Anhedonia
rs71950328	-0.573164422797379	0.132325	2.04188e-5	ATT	A	4520	Anhedonia
rs562110061	-0.573164422797379	0.132325	2.04188e-5	AT	A	4520	Anhedonia
rs7244172	-0.59350142596899	0.132478	3.0502e-5	C	T	4520	Anhedonia
rs4597402	-0.5971901111557576	0.133187	3.59319e-5	G	C	4520	Anhedonia
rs4479329	-0.606159683421552	0.133279	4.26801e-5	A	G	4520	Anhedonia
rs4433883	-0.5951811829655917	0.133178	3.46085e-5	C	T	4520	Anhedonia
rs4506987	-0.606159683421552	0.133279	4.26801e-5	C	T	4520	Anhedonia
rs4327130	-0.5692295306080506	0.132927	2.06571e-5	G	A	4520	Anhedonia
rs4800625	-0.5918156452507838	0.132399	2.92529e-5	C	T	4520	Anhedonia
rs9613500	-1.6197468035300584	0.0468076	2.34802e-5	T	C	4520	Anhedonia
rs9613501	-1.61425265690223	0.046846	2.14961e-5	A	G	4520	Anhedonia
rs9608636	-1.5912283763811845	0.0468297	1.36628e-5	T	C	4520	Anhedonia
rs9613502	-1.5985496976137046	0.0468114	1.56592e-5	G	A	4520	Anhedonia
rs9613503	-1.5923505445475261	0.0468122	1.38574e-5	C	T	4520	Anhedonia
rs9613504	-1.5916289767626641	0.0468129	1.36678e-5	T	C	4520	Anhedonia
rs73164406	-1.3192757544295652	0.0651263	4.04727e-5	T	C	4520	Anhedonia
rs738352	-1.4773813628507775	0.0542141	2.55555e-5	T	A	4520	Anhedonia
rs4822930	-1.5296184228454046	0.0533893	4.96351e-5	C	G	4520	Anhedonia
rs6005580	-1.530734372813186	0.047973	6.47047e-6	G	A	4520	Anhedonia
rs6005581	-1.530734372813186	0.047973	6.47047e-6	G	A	4520	Anhedonia
rs28546641	-1.377050423895754	0.0612065	3.74888e-5	T	C	4520	Anhedonia
